DATA;kbmemfree;kbavail;kbmemused;%memused;kbbuffers;kbcached;kbcommit;%commit;kbactive;kbinact;kbdirty
23/07/2018 08:22:01;4270992;5483264;3807772;47,13;207060;1742828;8336708;81,93;2076168;1422548;
23/07/2018 08:24:01;4443884;5669872;3634880;44,99;207332;1567640;8117424;79,77;2079552;1247212;
23/07/2018 08:26:01;4476140;5686160;3602624;44,59;211832;1524000;8113872;79,74;2089040;1203476;
23/07/2018 08:28:01;4468080;5691728;3610684;44,69;212288;1540544;8095348;79,55;2085100;1218416;
23/07/2018 08:30:01;4334660;5580452;3744104;46,35;216408;1628608;8206356;80,64;2129272;1306184;
23/07/2018 08:32:01;4387940;5614432;3690824;45,69;216668;1568192;8187672;80,46;2135680;1246200;
23/07/2018 08:34:01;4380968;5619840;3697796;45,77;216916;1580288;8167044;80,26;2131884;1257772;
23/07/2018 08:36:01;4427844;5656380;3650920;45,19;221128;1524608;8114012;79,74;2140084;1202628;
23/07/2018 08:38:01;4410572;5645620;3668192;45,41;221456;1530100;8140580;80,00;2150364;1207340;
23/07/2018 08:40:01;4089868;5355624;3988896;49,38;238324;1609544;8432708;82,87;2407148;1261088;
23/07/2018 08:42:01;4027844;5319148;4050920;50,14;260268;1633132;8524820;83,77;2444412;1278592;
23/07/2018 08:44:01;4056684;5355484;4022080;49,79;266088;1627808;8537120;83,90;2447884;1247160;
23/07/2018 08:46:01;4114652;5421932;3964112;49,07;270300;1605016;8410036;82,65;2427324;1208868;
23/07/2018 08:48:01;4070304;5379740;4008460;49,62;270728;1623792;8477720;83,31;2461536;1226816;
23/07/2018 08:50:01;4034300;5370620;4044464;50,06;275068;1638540;8455320;83,09;2481364;1242120;
23/07/2018 08:52:01;3981336;5329536;4097428;50,72;275368;1649688;8507188;83,60;2522036;1253192;
23/07/2018 08:54:01;3962752;5321948;4116012;50,95;275788;1669580;8543504;83,96;2521868;1272552;
23/07/2018 08:56:01;3975920;5356456;4102844;50,79;280828;1661056;8504728;83,58;2513100;1264512;
23/07/2018 08:58:01;3931688;5329420;4147076;51,33;281248;1696268;8517836;83,71;2526964;1299088;
23/07/2018 09:00:01;3880960;5304756;4197804;51,96;286388;1732024;8543972;83,96;2545188;1328324;
23/07/2018 09:02:01;3918356;5319200;4160408;51,50;286664;1683012;8517088;83,70;2551900;1284796;
23/07/2018 09:04:01;3907564;5323156;4171200;51,63;286888;1693348;8504136;83,57;2555044;1293612;
23/07/2018 09:06:01;3945324;5370324;4133440;51,16;291716;1686152;8501524;83,55;2521396;1287224;
23/07/2018 09:08:01;3858252;5296068;4220512;52,24;292136;1740612;8580304;84,32;2553968;1341404;
23/07/2018 09:10:01;3720880;5185932;4357884;53,94;296912;1867840;8673784;85,24;2562720;1468452;
23/07/2018 09:12:01;3815040;5263856;4263724;52,78;297164;1741416;8786040;86,34;2595320;1341936;
23/07/2018 09:14:01;3820800;5287152;4257964;52,71;297404;1757596;8561820;84,14;2576872;1355992;
23/07/2018 09:16:01;3807116;5283620;4271648;52,88;302652;1763740;8565544;84,17;2590640;1355924;
23/07/2018 09:18:01;3768452;5275192;4310312;53,35;303028;1809848;8592964;84,44;2582488;1401724;
23/07/2018 09:20:02;3763184;5244616;4315580;53,42;303444;1796096;8699596;85,49;2616656;1372268;
23/07/2018 09:22:01;3816064;5308752;4262700;52,76;309144;1761460;8586836;84,38;2599120;1337556;
23/07/2018 09:24:01;3818816;5311772;4259948;52,73;309376;1753528;8532552;83,85;2602396;1329612;
23/07/2018 09:26:01;3808992;5311388;4269772;52,85;314360;1788488;8567732;84,20;2574688;1364892;
23/07/2018 09:28:01;3787472;5290216;4291292;53,12;314620;1787036;8562956;84,15;2596480;1362588;
23/07/2018 09:30:01;3782108;5285844;4296656;53,18;314960;1799768;8583668;84,35;2593104;1374340;
23/07/2018 09:32:01;3786100;5300200;4292664;53,14;320300;1797400;8631788;84,83;2590300;1372136;
23/07/2018 09:34:01;3698160;5218712;4380604;54,22;320832;1851784;8710188;85,60;2626660;1425708;
23/07/2018 09:36:01;3710440;5258136;4368324;54,07;326240;1834500;8629632;84,80;2633772;1408784;
23/07/2018 09:38:01;3732084;5260696;4346680;53,80;326484;1799224;8619960;84,71;2646480;1374204;
23/07/2018 09:40:01;3727916;5273244;4350848;53,86;326684;1811360;8596428;84,48;2637636;1386340;
23/07/2018 09:42:01;3749080;5282960;4329684;53,59;328648;1744636;8593468;84,45;2684808;1319396;
23/07/2018 09:44:01;3697672;5241828;4381092;54,23;328880;1790248;8607452;84,59;2688792;1364992;
23/07/2018 09:46:01;3667748;5223904;4411016;54,60;334896;1824172;8612960;84,64;2681012;1399636;
23/07/2018 09:48:01;3693572;5249380;4385192;54,28;335280;1812080;8620988;84,72;2664548;1387872;
23/07/2018 09:50:01;3682244;5239452;4396520;54,42;335584;1790376;8652844;85,03;2694404;1366240;
23/07/2018 09:52:01;3608288;5186748;4470476;55,34;340748;1838572;8718996;85,68;2729532;1414432;
23/07/2018 09:54:01;3607548;5204768;4471216;55,35;340972;1835348;8652004;85,02;2733464;1411248;
23/07/2018 09:56:01;3588484;5181700;4490280;55,58;346624;1841404;8671636;85,22;2745572;1418000;
23/07/2018 09:58:01;3575880;5183652;4502884;55,74;346868;1852640;8670512;85,21;2746544;1429228;
23/07/2018 10:00:01;3562512;5143664;4516252;55,90;347060;1853248;8695348;85,45;2757464;1429892;
23/07/2018 10:02:01;3542616;5134100;4536148;56,15;350744;1857220;8710668;85,60;2774608;1433880;
23/07/2018 10:04:01;3599228;5204360;4479536;55,45;351072;1835888;8622012;84,73;2740160;1412652;
23/07/2018 10:06:01;3573788;5189844;4504976;55,76;356616;1826332;8620312;84,71;2778284;1396980;
23/07/2018 10:08:01;3267720;5021240;4811044;59,55;357992;1969212;8875044;87,22;2984248;1491456;
23/07/2018 10:10:01;3406876;5121956;4671888;57,83;359128;1932696;8705980;85,55;2886344;1452792;
23/07/2018 10:12:01;3357800;5101384;4720964;58,44;365348;1954260;8947360;87,93;2912292;1474356;
23/07/2018 10:14:01;3368980;5094680;4709784;58,30;365596;1963376;8737708;85,87;2892928;1483300;
23/07/2018 10:16:01;3400972;5137604;4677792;57,90;371140;1948912;8711732;85,61;2874364;1469532;
23/07/2018 10:18:01;3442220;5178792;4636544;57,39;371464;1925376;8710428;85,60;2854280;1446268;
23/07/2018 10:20:01;3375576;5122588;4703188;58,22;371868;1968060;8772276;86,21;2880672;1488420;
23/07/2018 10:22:01;3269432;5035212;4809332;59,53;378828;2007216;9232712;90,73;2943180;1527224;
23/07/2018 10:24:01;3280084;5048444;4798680;59,40;379344;2006036;9228056;90,69;2934160;1525396;
23/07/2018 10:26:01;3309588;5089600;4769176;59,03;385176;1967620;9194008;90,35;2939716;1487656;
23/07/2018 10:28:01;3292424;5074756;4786340;59,25;385744;1985716;9200804;90,42;2940076;1505128;
23/07/2018 10:30:01;3293540;5077156;4785224;59,23;386072;1979336;9158864;90,01;2946264;1498540;
23/07/2018 10:32:01;3253640;5047480;4825124;59,73;391232;2010844;9226448;90,67;2952100;1530036;
23/07/2018 10:34:01;3244280;5040168;4834484;59,84;391672;2018348;9245440;90,86;2957624;1537456;
23/07/2018 10:36:02;3242668;5048144;4836096;59,86;395768;1976216;9170740;90,12;3000688;1495528;
23/07/2018 10:38:01;3282204;5090536;4796560;59,37;396328;1953680;9023556;88,68;2986968;1471720;
23/07/2018 10:40:01;3259032;5069976;4819732;59,66;396968;1961240;9037288;88,81;3001084;1479080;
23/07/2018 10:42:01;3259760;5081880;4819004;59,65;402064;1971820;9022192;88,66;2990232;1489628;
23/07/2018 10:44:01;3266268;5088788;4812496;59,57;402304;1963848;8965904;88,11;2989712;1481472;
23/07/2018 10:46:01;3243084;5074412;4835680;59,86;406632;1977312;9036404;88,80;2999084;1495056;
23/07/2018 10:48:01;3278060;5111528;4800704;59,42;407104;1971252;8753000;86,02;2977196;1486188;
23/07/2018 10:50:01;3201164;5041132;4877600;60,38;407732;2022048;8847308;86,94;3004368;1536276;
23/07/2018 10:52:01;3209128;5068884;4869636;60,28;413316;2018908;8794192;86,42;3000544;1533588;
23/07/2018 10:54:01;3209712;5071544;4869052;60,27;413628;2020776;8818404;86,66;3000968;1532144;
23/07/2018 10:56:01;3195024;5069992;4883740;60,45;420436;2027720;8819212;86,67;3005304;1539172;
23/07/2018 10:58:01;3186212;5062852;4892552;60,56;420988;2041464;8837640;86,85;3003248;1552492;
23/07/2018 11:00:01;2823740;4805512;5255024;65,05;423484;2198400;9744940;95,76;3200372;1705468;
23/07/2018 11:02:01;2784420;4784944;5294344;65,53;432068;2221048;9745176;95,77;3217376;1727680;
23/07/2018 11:04:01;2779308;4780696;5299456;65,60;432452;2224616;9773096;96,04;3218944;1731128;
23/07/2018 11:06:01;2775628;4791732;5303136;65,64;440180;2220552;9731444;95,63;3224116;1727668;
23/07/2018 11:08:01;2756440;4773932;5322324;65,88;440860;2229260;9755108;95,86;3234416;1736184;
23/07/2018 11:10:01;2743764;4765456;5335000;66,04;441160;2241680;9725312;95,57;3234936;1748124;
23/07/2018 11:12:01;2724856;4754744;5353908;66,27;446192;2206780;9945744;97,74;3285900;1711180;
23/07/2018 11:14:01;2768872;4799592;5309892;65,73;446660;2212496;9715192;95,47;3241160;1716888;
23/07/2018 11:16:01;2751224;4791436;5327540;65,94;451188;2248800;9744840;95,76;3225820;1752232;
23/07/2018 11:18:01;2744528;4785380;5334236;66,03;451652;2248468;9750480;95,82;3232016;1751792;
23/07/2018 11:20:01;2723808;4765788;5354956;66,28;452032;2265508;9740912;95,73;3235936;1768648;
23/07/2018 11:22:01;2629444;4692600;5449320;67,45;457892;2269344;10014964;98,42;3323044;1772896;
23/07/2018 11:24:01;2638272;4702772;5440492;67,34;458796;2253564;9979688;98,07;3329760;1756132;
23/07/2018 11:26:01;2608588;4684664;5470176;67,71;465216;2277768;10033492;98,60;3332432;1780856;
23/07/2018 11:28:01;2601360;4679760;5477404;67,80;465720;2285520;10046024;98,72;3331704;1788340;
23/07/2018 11:30:01;2596888;4675712;5481876;67,86;465976;2279748;10042376;98,69;3341412;1782632;
23/07/2018 11:32:01;2622744;4712336;5456020;67,54;471292;2256172;10018836;98,46;3339492;1759468;
23/07/2018 11:34:01;2557236;4650120;5521528;68,35;471772;2298540;10078176;99,04;3366908;1801368;
23/07/2018 11:36:01;2468916;4594620;5609848;69,44;479228;2347828;10058848;98,85;3389828;1851232;
23/07/2018 11:38:01;2466624;4600848;5612140;69,47;479492;2355932;10079372;99,05;3398568;1859316;
23/07/2018 11:40:01;2507016;4642344;5571748;68,97;480248;2332364;10053444;98,80;3378072;1835636;
23/07/2018 11:42:01;2512408;4659248;5566356;68,90;486376;2321996;10036140;98,63;3381900;1824964;
23/07/2018 11:44:01;2464012;4629284;5614752;69,50;486732;2356712;10050012;98,76;3402400;1859560;
23/07/2018 11:46:01;2486052;4662924;5592712;69,23;492772;2349132;10041348;98,68;3383208;1852648;
23/07/2018 11:48:01;2466328;4644560;5612436;69,47;493432;2362860;10056068;98,82;3387540;1866348;
23/07/2018 11:50:01;2400980;4590212;5677784;70,28;493940;2386696;10075572;99,01;3413476;1890040;
23/07/2018 11:52:01;2324816;4540364;5753948;71,22;498684;2409956;10184264;100,08;3483736;1913376;
23/07/2018 11:54:02;1611444;4204492;6467320;80,05;501780;2675708;11516696;113,18;3796580;2296348;
23/07/2018 11:56:02;2164656;4633080;5914108;73,21;507432;2628808;10086676;99,12;3505696;2034272;
23/07/2018 11:58:01;2093500;4583236;5985264;74,09;507908;2662336;10092772;99,18;3529420;2067480;
23/07/2018 12:00:01;2122780;4594960;5955984;73,72;508204;2640152;10076936;99,03;3540596;2045500;
23/07/2018 12:02:01;2129928;4609548;5948836;73,64;512188;2653072;10100584;99,26;3516928;2058288;
23/07/2018 12:04:01;2119680;4599976;5959084;73,76;512652;2656984;10080072;99,06;3521516;2061260;
23/07/2018 12:06:01;2139052;4633388;5939712;73,52;519484;2633416;10036488;98,63;3524808;2038364;
23/07/2018 12:08:01;2136560;4631188;5942204;73,55;519756;2633200;10027908;98,55;3525460;2038168;
23/07/2018 12:10:01;2136752;4631728;5942012;73,55;520084;2628124;10021900;98,49;3529980;2033072;
23/07/2018 12:12:01;2072824;4580236;6005940;74,34;526676;2684952;10068980;98,95;3536040;2089656;
23/07/2018 12:14:01;2072208;4579832;6006556;74,35;526868;2684988;10059816;98,86;3536872;2089684;
23/07/2018 12:16:01;2082136;4600844;5996628;74,23;532516;2665300;10052352;98,79;3544556;2070596;
23/07/2018 12:18:01;2083116;4602180;5995648;74,21;532828;2665144;10057260;98,83;3544236;2070452;
23/07/2018 12:20:01;2100096;4619512;5978668;74,00;533140;2642040;10016804;98,44;3550168;2047344;
23/07/2018 12:22:01;2037072;4569188;6041692;74,78;539612;2662660;10150688;99,75;3597432;2061844;
23/07/2018 12:24:01;2097136;4631544;5981628;74,04;540384;2650188;10018592;98,45;3553216;2046672;
23/07/2018 12:26:01;2059964;4610236;6018800;74,50;548312;2673072;10076528;99,02;3570532;2069176;
23/07/2018 12:28:01;1984452;4555972;6094312;75,44;550108;2717140;10109208;99,34;3595788;2112784;
23/07/2018 12:30:01;2042516;4617676;6036248;74,72;550580;2684220;10042832;98,69;3584056;2079660;
23/07/2018 12:32:01;2006512;4594336;6072252;75,16;557212;2730280;10081152;99,07;3572284;2125880;
23/07/2018 12:34:01;1831920;4606272;6246844;77,32;667120;2705072;10039424;98,66;3662888;2114616;
23/07/2018 12:36:01;1764808;4561384;6313956;78,15;672348;2725764;10093904;99,19;3714196;2116900;
23/07/2018 12:38:01;1791156;4569756;6287608;77,83;672680;2707784;10073028;98,99;3714000;2110160;
23/07/2018 12:40:01;1811392;4590588;6267372;77,58;673144;2701252;10082736;99,08;3697300;2103632;
23/07/2018 12:42:01;1758368;4545232;6320396;78,23;675580;2678620;10172616;99,97;3772584;2079604;
23/07/2018 12:44:01;1754952;4541676;6323812;78,28;675888;2688708;10157908;99,82;3764764;2090060;
23/07/2018 12:46:01;1649588;4456388;6429176;79,58;681080;2754040;10223252;100,47;3790316;2155648;
23/07/2018 12:48:01;1648952;4465552;6429812;79,59;681412;2760532;10225416;100,49;3801440;2162148;
23/07/2018 12:50:01;1689624;4506752;6389140;79,09;681844;2734232;10188708;100,13;3784552;2135624;
23/07/2018 12:52:01;1618996;4451684;6459768;79,96;689172;2781948;10275860;100,98;3808824;2183668;
23/07/2018 12:54:01;1612884;4437628;6465880;80,04;689596;2783240;10250716;100,74;3809928;2191764;
23/07/2018 12:56:01;1647512;4492004;6431252;79,61;696084;2762900;10244000;100,67;3789280;2172220;
23/07/2018 12:58:01;1653160;4498096;6425604;79,54;696524;2751604;10202828;100,26;3791984;2160768;
23/07/2018 13:00:01;1647600;4493060;6431164;79,61;696988;2755364;10230748;100,54;3792108;2164892;
23/07/2018 13:02:01;1610436;4464348;6468328;80,07;701136;2782228;10252536;100,75;3799372;2191484;
23/07/2018 13:04:01;1600968;4455344;6477796;80,18;701392;2792368;10237372;100,60;3798028;2201344;
23/07/2018 13:06:01;1578764;4476924;6500000;80,46;706296;2814096;10209644;100,33;3843916;2184216;
23/07/2018 13:08:02;1600236;4535492;6478528;80,19;706940;2831396;10240596;100,64;3791244;2211716;
23/07/2018 13:10:01;1565384;4505232;6513380;80,62;707420;2865672;10276244;100,99;3795116;2246080;
23/07/2018 13:12:01;1587072;4525848;6491692;80,36;713444;2836008;10257284;100,80;3791564;2222540;
23/07/2018 13:14:01;1599260;4539072;6479504;80,20;713940;2831240;10254180;100,77;3783796;2217724;
23/07/2018 13:16:01;1583144;4533012;6495620;80,40;719148;2829504;10233444;100,57;3798908;2216788;
23/07/2018 13:18:01;1564020;4515016;6514744;80,64;719656;2850540;10257756;100,80;3797852;2237404;
23/07/2018 13:20:01;1314956;4283516;6763808;83,72;720540;2861132;10637748;104,54;4037940;2246592;
23/07/2018 13:22:01;980760;4029804;7098004;87,86;727692;3014008;12123328;119,14;4220472;2384268;
23/07/2018 13:24:01;1047484;4101952;7031280;87,03;728276;3038940;11248440;110,54;4133016;2408076;
23/07/2018 13:26:01;1010168;4080628;7068596;87,50;735148;3045172;11406608;112,09;4157672;2414452;
23/07/2018 13:28:01;942396;4020916;7136368;88,33;735844;3072604;11508332;113,09;4202816;2441208;
23/07/2018 13:30:01;933812;4006568;7144952;88,44;736244;3063268;11517472;113,18;4218320;2435268;
23/07/2018 13:32:01;991028;4050172;7087736;87,73;737796;3001000;11477072;112,79;4222516;2373900;
23/07/2018 13:34:01;960752;4040988;7118012;88,11;738140;3015796;11465096;112,67;4238184;2388688;
23/07/2018 13:36:01;950836;4021524;7127928;88,23;740488;3010960;11476828;112,78;4251536;2383632;
23/07/2018 13:38:01;925400;4014436;7153364;88,55;740856;3028392;11488808;112,90;4258508;2401052;
23/07/2018 13:40:01;1041852;4139784;7036912;87,10;741604;3021728;11098308;109,06;4152276;2390828;
23/07/2018 13:42:01;1009676;4104316;7069088;87,50;749392;3054572;11142484;109,50;4157124;2420496;
23/07/2018 13:44:01;954628;4068236;7124136;88,18;749748;3087032;11152768;109,60;4182960;2450596;
23/07/2018 13:46:01;1002268;4086276;7076496;87,59;754392;3028744;11125076;109,33;4194064;2393236;
23/07/2018 13:48:01;1002036;4095800;7076728;87,60;754784;3034804;11134512;109,42;4184096;2399316;
23/07/2018 13:50:01;1024056;4118120;7054708;87,32;755216;3030120;11157400;109,65;4164868;2394284;
23/07/2018 13:52:01;997256;4104248;7081508;87,66;761752;3037520;11151296;109,59;4180372;2402176;
23/07/2018 13:54:01;1011060;4118348;7067704;87,48;761992;3026936;11102292;109,10;4175140;2391544;
23/07/2018 13:56:01;999184;4114136;7079580;87,63;766016;3030600;11108576;109,17;4180812;2395492;
23/07/2018 13:58:01;1002404;4117676;7076360;87,59;766336;3021520;11105516;109,14;4185940;2386428;
23/07/2018 14:00:01;997868;4113524;7080896;87,65;766672;3023204;11115072;109,23;4187772;2388112;
23/07/2018 14:02:01;1001908;4122672;7076856;87,60;769432;3015012;11119312;109,27;4191232;2380036;
23/07/2018 14:04:01;1027032;4147796;7051732;87,29;769720;2993900;11099564;109,08;4189900;2359236;
23/07/2018 14:06:01;505948;3646872;7572816;93,74;774396;3148284;12308748;120,96;4554512;2510832;
23/07/2018 14:08:01;1400772;4564200;6677992;82,66;775028;3030928;9844708;96,75;3814840;2384736;
23/07/2018 14:10:01;1378164;4561724;6700600;82,94;775308;3046424;9833216;96,63;3822400;2400256;
23/07/2018 14:12:01;1351824;4522868;6726940;83,27;779780;3029860;10244316;100,67;3858540;2385508;
23/07/2018 14:14:01;1393672;4565092;6685092;82,75;779980;3029444;9880380;97,10;3815516;2385020;
23/07/2018 14:16:01;1372884;4552904;6705880;83,01;784492;3059432;9892404;97,21;3804072;2415548;
23/07/2018 14:18:01;1395348;4575720;6683416;82,73;784812;3038824;9872172;97,02;3799552;2394928;
23/07/2018 14:20:01;1354868;4545264;6723896;83,23;785108;3069964;9920296;97,49;3822120;2423268;
23/07/2018 14:22:01;1285656;4491176;6793108;84,09;791004;3110872;10190432;100,14;3850660;2462160;
23/07/2018 14:24:01;808336;4034296;7270428;89,99;791592;3184896;11588436;113,88;4232912;2530892;
23/07/2018 14:26:01;764392;4007500;7314372;90,54;797768;3175148;11672920;114,71;4285416;2519320;
23/07/2018 14:28:01;1348500;4579972;6730264;83,31;798620;3115328;9452616;92,89;3801048;2452764;
23/07/2018 14:30:01;1334228;4577376;6744536;83,48;798908;3126828;9413124;92,50;3805092;2462836;
23/07/2018 14:32:02;1386804;4589836;6691960;82,83;803892;3056920;9422860;92,60;3813252;2402676;
23/07/2018 14:34:01;1369472;4587736;6709292;83,05;804132;3071768;9396176;92,34;3815380;2417512;
23/07/2018 14:36:01;1323516;4562188;6755248;83,62;808132;3112740;9422828;92,60;3819708;2458528;
23/07/2018 15:50:01;1377780;4605432;6700984;82,95;815064;3077180;9439804;92,77;3803072;2421900;
23/07/2018 15:52:01;1367172;4598128;6711592;83,08;815920;3081416;9581692;94,16;3806992;2424524;
23/07/2018 15:54:01;1448168;4680312;6630596;82,07;816436;3057160;9279012;91,19;3752452;2399044;
23/07/2018 15:56:01;1464324;4707388;6614440;81,87;822308;3035832;9244288;90,84;3757108;2378288;
23/07/2018 15:58:01;1398104;4641708;6680660;82,69;822832;3050332;9297600;91,37;3814912;2391752;
23/07/2018 16:00:01;1427476;4681080;6651288;82,33;828480;3046876;9277220;91,17;3785276;2388720;
23/07/2018 16:02:01;1335884;4604260;6742880;83,46;828928;3101352;9429872;92,67;3824708;2442952;
23/07/2018 16:04:01;1308880;4594084;6769884;83,80;829300;3115068;9407340;92,45;3838056;2456652;
23/07/2018 16:06:01;1294636;4574656;6784128;83,97;835400;3107248;9439596;92,76;3861216;2449696;
23/07/2018 16:08:01;1295212;4590268;6783552;83,97;841160;3096960;9580408;94,15;3884144;2415800;
23/07/2018 16:10:01;1218612;4542996;6860152;84,92;849152;3129476;9505440;93,41;3921796;2445316;
23/07/2018 16:12:01;1183240;4525952;6895524;85,35;849552;3148032;9569232;94,04;3938864;2463920;
23/07/2018 16:14:01;1160932;4512824;6917832;85,63;850260;3165312;9571252;94,06;3942876;2480476;
23/07/2018 16:16:01;1157588;4510664;6921176;85,67;854500;3163048;9548672;93,84;3950724;2478312;
23/07/2018 16:18:01;1108456;4443220;6970308;86,28;854868;3199332;9610912;94,45;3963356;2514596;
23/07/2018 16:20:01;1143172;4509076;6935592;85,85;861544;3169372;9547844;93,83;3959288;2484808;
23/07/2018 16:22:01;1118700;4501704;6960064;86,15;861892;3187668;9567152;94,02;3968592;2499268;
23/07/2018 16:24:02;1131904;4497172;6946860;85,99;862148;3161012;9529888;93,65;3978676;2475676;
23/07/2018 16:26:01;1128224;4521392;6950540;86,03;867580;3156308;9522112;93,58;3986260;2470860;
23/07/2018 16:28:01;1142440;4515276;6936324;85,86;867928;3144496;9517784;93,53;3985688;2459048;
23/07/2018 16:30:01;1153908;4538164;6924856;85,72;873760;3147652;9515508;93,51;3968020;2462704;
23/07/2018 16:32:01;1139872;4524680;6938892;85,89;874232;3157140;9521000;93,56;3970808;2472092;
23/07/2018 16:34:01;1142012;4530776;6936752;85,86;874512;3148660;9515712;93,51;3974744;2462900;
23/07/2018 16:36:01;493396;4042432;7585368;93,89;880436;3421956;11230628;110,36;4368544;2706960;
23/07/2018 16:38:01;596604;4155820;7482160;92,62;881168;3373972;10943804;107,55;4403032;2569428;
23/07/2018 16:40:01;387432;3967388;7691332;95,20;889636;3567700;11147988;109,55;4419380;2762488;
23/07/2018 16:42:01;336764;3918436;7742000;95,83;890020;3589112;11418456;112,21;4442692;2782520;
23/07/2018 16:44:01;334472;3916656;7744292;95,86;890476;3595920;11389072;111,92;4436604;2789232;
23/07/2018 16:46:01;189068;3843048;7889696;97,66;935300;3627808;11946400;117,40;4523696;2844240;
23/07/2018 16:48:01;464380;3995372;7614384;94,25;918168;3320944;11756668;115,53;4620220;2473428;
23/07/2018 16:50:01;360348;3906072;7718416;95,54;922548;3426708;11897540;116,92;4623308;2572652;
23/07/2018 16:52:01;456608;4006252;7622156;94,35;923272;3304596;11832924;116,28;4650836;2447024;
23/07/2018 16:54:01;1084484;4650748;6994280;86,58;925872;3207928;9196760;90,38;4144524;2351628;
23/07/2018 16:56:01;1082372;4653808;6996392;86,60;928368;3208420;9210208;90,51;4143560;2351896;
23/07/2018 16:58:01;1009832;4590096;7068932;87,50;929012;3245736;9288904;91,28;4184460;2387308;
23/07/2018 17:00:02;906088;4507012;7172676;88,78;933136;3274408;9539444;93,75;4259300;2413048;
23/07/2018 17:02:01;937428;4499080;7141336;88,40;933460;3240020;9545524;93,81;4259096;2383180;
23/07/2018 17:04:01;910292;4489824;7168472;88,73;933784;3278788;9541828;93,77;4249888;2421844;
23/07/2018 17:06:01;869192;4444232;7209572;89,24;938940;3292084;9725756;95,58;4275324;2434252;
23/07/2018 17:08:01;920128;4498736;7158636;88,61;939472;3274560;9734216;95,66;4239220;2416708;
23/07/2018 17:10:01;969540;4551048;7109224;88,00;940968;3223708;9646572;94,80;4238244;2365932;
23/07/2018 17:12:01;963380;4545252;7115384;88,08;941272;3224268;9671408;95,04;4243400;2366452;
23/07/2018 17:14:01;952916;4544836;7125848;88,20;941584;3232224;9647396;94,81;4269472;2349368;
23/07/2018 17:16:01;914860;4515392;7163904;88,68;946088;3265328;9666828;95,00;4273020;2382804;
23/07/2018 17:18:01;904080;4504916;7174684;88,81;946376;3270696;9679168;95,12;4278532;2387636;
23/07/2018 17:20:01;795748;4424124;7283016;90,15;952784;3356328;9892672;97,22;4311300;2471008;
23/07/2018 17:22:01;769696;4416272;7309068;90,47;953096;3375904;9902136;97,31;4317404;2490228;
23/07/2018 17:24:01;778280;4408472;7300484;90,37;953384;3359800;9887792;97,17;4325024;2474644;
23/07/2018 17:26:01;849500;4492480;7229264;89,48;958028;3312396;9816000;96,46;4298816;2427632;
23/07/2018 18:04:01;130304;3074344;7948460;98,39;692500;2803792;9029324;88,73;3521308;1524556;
23/07/2018 18:06:01;128600;3056832;7950164;98,41;692840;2796100;9029384;88,73;3515532;1528600;
23/07/2018 18:08:01;306528;3026032;7772236;96,21;621324;2685980;9083488;89,26;3487672;1378348;
23/07/2018 18:10:01;308040;3027576;7770724;96,19;621476;2684388;9056248;89,00;3487024;1376752;
23/07/2018 18:12:01;306948;3026652;7771816;96,20;621652;2684496;9056080;89,00;3489056;1376912;
23/07/2018 18:14:01;340524;3067784;7738240;95,78;625452;2650388;9021380;88,65;3493496;1343048;
23/07/2018 18:16:01;140024;3058232;7938740;98,27;613512;2851136;9044496;88,88;3468652;1566344;
23/07/2018 18:18:01;2723688;5625328;5355076;66,29;382240;3036148;6306520;61,97;3294664;1596996;
23/07/2018 18:20:02;2719728;5623976;5359036;66,33;382328;3038716;6310288;62,01;3297060;1597888;
23/07/2018 18:22:01;2241344;5238332;5837420;72,26;386012;3173416;6940660;68,21;3677488;1689104;
23/07/2018 18:24:01;2040208;5188748;6038556;74,75;393768;3348696;8877028;87,24;3773096;1772432;
23/07/2018 18:26:01;1514276;4725508;6564488;81,26;398380;3429688;9844300;96,74;4282644;1775632;
23/07/2018 18:28:01;1432624;4662912;6646140;82,27;408628;3457460;9783680;96,15;4323936;1811132;
23/07/2018 18:30:01;1462068;4692556;6616696;81,90;408852;3455460;9631528;94,65;4297164;1809264;
23/07/2018 18:32:01;1460408;4691304;6618356;81,92;409156;3453540;9648592;94,82;4298728;1807272;
23/07/2018 18:34:01;1449828;4693664;6628936;82,05;415804;3460408;9626172;94,60;4301072;1814344;
23/07/2018 18:36:01;1451764;4695928;6627000;82,03;416052;3456700;9618908;94,53;4301996;1810640;
23/07/2018 18:38:01;1136836;4410940;6941928;85,93;422364;3522860;10267536;100,90;4567784;1862592;
23/07/2018 18:40:01;1204048;4478836;6874716;85,10;422724;3471788;9975548;98,03;4550692;1811220;
23/07/2018 18:42:01;1202220;4477428;6876544;85,12;423148;3466324;9970968;97,99;4555576;1805748;
23/07/2018 18:44:01;1215204;4498696;6863560;84,96;427628;3454352;9935972;97,64;4553264;1794396;
23/07/2018 18:46:01;1197836;4481680;6880928;85,17;427972;3458324;9941616;97,70;4565152;1798316;
23/07/2018 18:48:01;1168700;4462868;6910064;85,53;433284;3475948;9959068;97,87;4575144;1816464;
23/07/2018 18:50:01;1107476;4404912;6971288;86,29;433700;3491196;10225096;100,48;4632676;1830376;
23/07/2018 18:52:01;1079436;4380188;6999328;86,64;434308;3494956;10244288;100,67;4653920;1833080;
23/07/2018 18:54:01;1014280;4326048;7064484;87,45;439852;3510048;10562816;103,80;4697284;1849764;
23/07/2018 18:56:01;966380;4279164;7112384;88,04;440296;3513496;10740520;105,55;4736532;1852936;
23/07/2018 18:58:01;861324;4193960;7217440;89,34;446136;3536700;10848324;106,61;4817932;1872336;
23/07/2018 19:00:01;845900;4179068;7232864;89,53;446472;3544236;10867404;106,80;4823496;1879788;
23/07/2018 19:02:01;831784;4165384;7246980;89,70;446800;3542288;11014540;108,24;4837768;1877816;
23/07/2018 19:04:01;782716;4127880;7296048;90,31;452800;3569656;11031960;108,41;4857476;1905168;
23/07/2018 19:06:01;441964;3793104;7636800;94,53;453592;3647428;11764544;115,61;5117432;1981924;
23/07/2018 19:08:01;373024;3728868;7705740;95,38;456160;3742304;11941052;117,35;5086764;2076660;
23/07/2018 19:10:02;529672;3885824;7549092;93,44;456456;3596304;11648764;114,47;5077388;1930616;
23/07/2018 19:12:01;494168;3851224;7584596;93,88;457044;3601920;11697628;114,95;5113052;1935740;
23/07/2018 19:14:01;921316;4290584;7157448;88,60;462324;3611144;9776424;96,07;4700188;1944256;
23/07/2018 19:16:01;1344120;4715948;6734644;83,36;462944;3572292;9175252;90,17;4320660;1903600;
23/07/2018 19:18:01;1328456;4701696;6750308;83,56;463884;3569980;9223764;90,64;4335440;1900508;
23/07/2018 19:20:01;1285672;4669480;6793092;84,09;469020;3601192;9203048;90,44;4344284;1931960;
23/07/2018 19:22:01;983248;4380412;7095516;87,83;469644;3675956;10371744;101,92;4568132;2001500;
23/07/2018 19:24:01;981576;4391020;7097188;87,85;475948;3683724;10289740;101,12;4556840;2009840;
23/07/2018 19:26:01;685564;4103184;7393200;91,51;476436;3711828;11252460;110,58;4820920;2035276;
23/07/2018 19:28:01;526036;3954892;7552728;93,49;477404;3860504;11656876;114,55;4829356;2178244;
23/07/2018 19:30:01;150880;3550620;7927884;98,13;466092;3907140;11753408;115,50;5147156;2232496;
23/07/2018 19:32:01;724072;4147416;7354692;91,04;468500;3780416;11203392;110,10;4720844;2098748;
23/07/2018 19:52:01;1420396;4890836;6658368;82,42;475860;3657680;9244556;90,85;4197600;1950440;
23/07/2018 20:34:01;1952204;5451752;6126560;75,84;480528;3671932;6496908;63,85;3688036;1963392;
23/07/2018 20:36:01;1500152;5010356;6578612;81,43;481944;3638148;9065516;89,09;4136636;1927768;
23/07/2018 21:22:42;1380576;4901572;6698188;82,91;487024;3714432;9348024;91,86;4186476;2004088;
23/07/2018 21:24:01;1190576;4717264;6888188;85,26;487544;3661332;10533876;103,52;4404124;1949040;
23/07/2018 21:26:01;825956;4362848;7252808;89,78;488272;3775028;10699152;105,14;4660452;2060268;
23/07/2018 21:28:01;1021204;4571600;7057560;87,36;494144;3727952;10433448;102,53;4512212;2013856;
23/07/2018 21:30:01;1018792;4569752;7059972;87,39;494544;3694812;10422660;102,42;4544628;1980736;
23/07/2018 21:32:01;1045380;4599040;7033384;87,06;494984;3693356;10419764;102,40;4520464;1978920;
23/07/2018 21:34:01;981652;4559856;7097112;87,85;502232;3727544;10841712;106,54;4547472;2011724;
23/07/2018 21:36:01;959396;4539068;7119368;88,12;502592;3740540;10832296;106,45;4554436;2024724;
23/07/2018 21:38:01;943160;4535224;7135604;88,33;508920;3742976;10854304;106,67;4566588;2027608;
23/07/2018 21:40:01;873212;4467980;7205552;89,19;509384;3741076;11329740;111,34;4636452;2025128;
23/07/2018 21:42:01;847284;4443588;7231480;89,51;510064;3759512;11384584;111,88;4640992;2044940;
23/07/2018 21:44:01;863784;4472084;7214980;89,31;515720;3741028;11330228;111,34;4644708;2026072;
23/07/2018 21:46:01;842112;4451736;7236652;89,58;516008;3758364;11344380;111,48;4650324;2043384;
23/07/2018 21:48:01;805352;4423780;7273412;90,03;520456;3788392;11439064;112,41;4655972;2073516;
23/07/2018 21:50:01;665536;4282028;7413228;91,76;521292;3790528;11556560;113,57;4790672;2073512;
24/07/2018 10:42:01;5009156;5916112;3069608;38,00;166708;1238988;7855876;77,20;1764488;1013648;
24/07/2018 10:44:01;5041640;5959828;3037124;37,59;168544;1274176;7473128;73,44;1707784;1040740;
24/07/2018 10:46:01;5064660;5988264;3014104;37,31;169424;1263604;7405196;72,77;1699728;1026700;
24/07/2018 10:48:01;5076508;6006916;3002256;37,16;172208;1218428;7396640;72,69;1732228;980704;
24/07/2018 10:50:01;4926076;5864680;3152688;39,02;172968;1297284;7904488;77,68;1797200;1059028;
24/07/2018 10:52:01;4980488;5928704;3098276;38,35;176888;1302244;7501692;73,72;1748468;1058920;
24/07/2018 10:54:01;4933568;5887684;3145196;38,93;177632;1307000;7740436;76,07;1787696;1062476;
24/07/2018 10:56:01;4799196;5764328;3279568;40,59;178732;1329204;8493448;83,47;1893776;1079044;
24/07/2018 10:58:01;3964476;5087556;4114288;50,93;188628;1776448;9658060;94,91;2281660;1506348;
24/07/2018 11:00:01;4067936;5198696;4010828;49,65;189428;1598420;9655484;94,89;2352192;1324516;
24/07/2018 11:02:01;3890836;5035980;4187928;51,84;193788;1613820;9813960;96,44;2509664;1339188;
24/07/2018 11:04:01;3839516;4986948;4239248;52,47;194200;1636492;9856880;96,86;2534780;1361612;
24/07/2018 11:06:01;3701848;4948548;4376916;54,18;195052;1646816;10165136;99,89;2656328;1372316;
24/07/2018 11:08:01;3536940;4802032;4541824;56,22;200828;1731752;10412656;102,33;2736320;1454596;
24/07/2018 11:10:01;3387672;4667592;4691092;58,07;201480;1756948;11081736;108,90;2846952;1477316;
24/07/2018 11:12:01;3434692;4734172;4644072;57,48;207680;1717692;11402112;112,05;2837752;1436648;
24/07/2018 11:14:01;2219140;3560104;5859624;72,53;208896;1832888;14550616;142,99;3890196;1538964;
24/07/2018 11:16:01;1578464;2931008;6500300;80,46;209508;2079068;15510080;152,42;4275740;1782152;
24/07/2018 11:18:01;2201048;3579444;5877716;72,76;212788;1862932;14376868;141,28;3892560;1554828;
24/07/2018 11:20:01;2009168;3402344;6069596;75,13;213504;1941564;14501228;142,51;4012884;1628324;
24/07/2018 11:22:01;2204392;3611400;5874372;72,71;215396;1853732;14135332;138,91;3914800;1533216;
24/07/2018 11:24:01;2251256;3673800;5827508;72,13;216816;1899676;13918416;136,78;3840644;1571028;
24/07/2018 11:26:01;2402472;3853252;5676292;70,26;218560;1954704;12405696;121,91;3659740;1609672;
24/07/2018 11:28:01;2353140;3815392;5725624;70,87;224128;1997240;12377884;121,64;3676448;1639840;
24/07/2018 11:30:01;2213696;3683528;5865068;72,60;224876;2027968;12857600;126,35;3784436;1669816;
24/07/2018 11:32:01;2304672;3782592;5774092;71,47;227556;2037684;12462860;122,47;3691876;1674580;
24/07/2018 11:34:01;2310808;3789388;5767956;71,40;228300;2029904;12568700;123,51;3688228;1666524;
24/07/2018 11:36:01;2536516;4018164;5542248;68,60;229324;2025344;11828104;116,24;3482100;1658600;
24/07/2018 11:38:01;2904836;4396360;5173928;64,04;232260;1889552;10750724;105,65;3271064;1516452;
24/07/2018 11:40:01;2914488;4410740;5164276;63,92;233160;1882532;10959988;107,71;3269856;1506684;
24/07/2018 11:42:01;2862788;4370204;5215976;64,56;237592;1899396;10832976;106,46;3306520;1523572;
24/07/2018 11:44:01;2703024;4221452;5375740;66,54;238352;1898968;11537308;113,38;3462436;1520628;
24/07/2018 11:46:01;2563888;4083760;5514876;68,26;238864;1911576;11886380;116,81;3582772;1533144;
24/07/2018 11:48:01;2722792;4275252;5355972;66,30;245892;1924004;11730488;115,28;3419808;1541052;
24/07/2018 11:50:01;2452816;4006236;5625948;69,64;246860;2029776;12248856;120,37;3590660;1636464;
24/07/2018 11:52:01;2469624;4032904;5609140;69,43;252036;2003696;12197864;119,87;3595588;1610904;
24/07/2018 11:54:01;2488160;4051796;5590604;69,20;252332;1991996;12160644;119,50;3588036;1599192;
24/07/2018 11:56:01;2497092;4061180;5581672;69,09;252660;1999028;12153792;119,44;3571964;1606228;
24/07/2018 11:58:01;2488852;4061552;5589912;69,19;257680;1981876;12153988;119,44;3596024;1590532;
24/07/2018 12:00:01;2468160;4041296;5610604;69,45;257944;1986720;12148252;119,38;3613472;1595360;
24/07/2018 12:02:01;2493724;4073284;5585040;69,13;261488;1987744;12154548;119,44;3583500;1596628;
24/07/2018 12:04:01;2491152;4071048;5587612;69,16;261796;1987764;12139516;119,30;3585996;1596676;
24/07/2018 12:06:01;2485416;4065616;5593348;69,24;262076;1987820;12151212;119,41;3589880;1596740;
24/07/2018 12:08:01;2436804;4026320;5641960;69,84;266764;2023380;12199736;119,89;3601464;1632356;
24/07/2018 12:10:01;2510608;4106724;5568156;68,92;267740;2012548;11720560;115,18;3549460;1619388;
24/07/2018 12:12:01;3165508;4785140;4913256;60,82;273668;1966320;10331604;101,53;2970284;1568076;
24/07/2018 12:14:01;2844256;4470052;5234508;64,79;274184;2040620;11486328;112,88;3197260;1641308;
24/07/2018 12:16:01;3202260;4829248;4876504;60,36;274528;1961132;10198020;100,22;2935388;1560104;
24/07/2018 12:18:01;3158892;4795824;4919872;60,90;279616;1965840;10188964;100,13;2970336;1565304;
24/07/2018 12:20:01;3154020;4791296;4924744;60,96;279912;1966160;10183060;100,07;2973608;1565620;
24/07/2018 12:22:01;3112860;4756708;4965904;61,47;283448;1996844;10256616;100,79;2983096;1596148;
24/07/2018 12:24:01;3121368;4765592;4957396;61,36;283784;1994120;10229392;100,53;2976164;1593416;
24/07/2018 12:26:01;3112052;4756572;4966712;61,48;284056;1994144;10226136;100,49;2984812;1593440;
24/07/2018 12:28:01;3126628;4785276;4952136;61,30;291064;1976748;10218960;100,42;2986856;1576608;
24/07/2018 12:30:02;3121952;4780916;4956812;61,36;291352;1976776;10204476;100,28;2990716;1576636;
24/07/2018 12:32:01;3125280;4793476;4953484;61,31;297028;1963988;10212084;100,36;2998176;1565848;
24/07/2018 12:34:01;3124636;4793156;4954128;61,32;297316;1964024;10203080;100,27;2997976;1565876;
24/07/2018 12:36:01;3102048;4771916;4976716;61,60;297740;1979376;10228472;100,52;3005656;1581252;
24/07/2018 12:38:01;3085316;4767528;4993448;61,81;303836;1982784;10225492;100,49;3019908;1584844;
24/07/2018 12:40:01;3079380;4761924;4999384;61,88;304140;1985388;10236500;100,60;3022700;1587448;
24/07/2018 12:42:01;3072504;4763872;5006260;61,97;308780;1993712;10269648;100,92;3020756;1596220;
24/07/2018 12:44:01;3344220;5045608;4734544;58,60;309640;2004592;9128220;89,70;2772144;1599664;
24/07/2018 12:46:01;3338852;5046748;4739912;58,67;311084;2017768;9133080;89,75;2761660;1610896;
24/07/2018 12:48:01;3336716;5057824;4742048;58,70;312372;1989912;9125028;89,67;2797208;1582356;
24/07/2018 12:50:01;3316780;5053104;4761984;58,94;312628;2001064;9128464;89,71;2809528;1590424;
24/07/2018 12:52:01;3208476;4932592;4870288;60,29;314548;1990832;10057200;98,83;2921084;1582540;
24/07/2018 12:54:01;3278712;5018292;4800052;59,42;314900;2002584;9163972;90,06;2842300;1594292;
24/07/2018 12:56:01;3296420;5020528;4782344;59,20;315196;1987012;9157928;90,00;2840908;1578644;
24/07/2018 12:58:01;3209592;4964604;4869172;60,27;321944;2060152;9217792;90,58;2854284;1652204;
24/07/2018 13:00:01;3153900;4890212;4924864;60,96;322328;2111144;9276512;91,16;2858044;1703172;
24/07/2018 13:02:01;3268884;5011188;4809880;59,54;324672;1989080;9392824;92,30;2863508;1578980;
24/07/2018 13:04:01;3362160;5106236;4716604;58,38;325220;1975076;9024332;88,68;2785016;1564176;
24/07/2018 13:06:01;3361024;5105476;4717740;58,40;325556;1970032;9031548;88,75;2788524;1559164;
24/07/2018 13:08:01;3041020;5039692;5037744;62,36;452400;2075740;9053872;88,97;2928868;1658376;
24/07/2018 13:10:01;2993908;5040660;5084856;62,94;485368;2067696;9036008;88,80;2963540;1646024;
24/07/2018 13:12:01;2930492;4989132;5148272;63,73;490628;2106688;9100720;89,43;2986208;1684356;
24/07/2018 13:14:01;2936264;4995516;5142500;63,65;491048;2109732;9087376;89,30;2975924;1687236;
24/07/2018 13:16:01;2940264;5000108;5138500;63,61;491404;2098684;9086368;89,29;2982036;1676092;
24/07/2018 13:18:01;2957008;5025000;5121756;63,40;495776;2077944;9071840;89,15;2985828;1655628;
24/07/2018 13:20:01;2947316;5015740;5131448;63,52;496088;2084196;9074924;89,18;2988360;1661872;
24/07/2018 13:22:01;2931040;5008552;5147724;63,72;500744;2082340;9094452;89,37;3005128;1660480;
24/07/2018 13:24:01;2931300;5009144;5147464;63,72;501000;2085192;9076192;89,19;3001252;1663316;
24/07/2018 13:26:01;2939232;5017372;5139532;63,62;501256;2087164;9070984;89,14;2991284;1665248;
24/07/2018 13:28:01;2889268;4987976;5189496;64,24;509200;2100736;9152976;89,95;3029860;1672940;
24/07/2018 13:30:01;2863548;4974292;5215216;64,55;509900;2119164;9145436;89,87;3041832;1687132;
24/07/2018 13:32:01;2873220;4993904;5205544;64,43;515952;2101772;9156584;89,98;3046432;1672140;
24/07/2018 13:34:01;2807296;4994480;5271468;65,25;573384;2113628;9214520;90,55;3098916;1683384;
24/07/2018 13:36:01;2806312;4993640;5272452;65,26;573696;2115380;9230224;90,71;3097772;1685164;
24/07/2018 13:38:01;2760164;4955976;5318600;65,83;578024;2157620;9260344;91,00;3101428;1727364;
24/07/2018 13:40:01;2765784;4962012;5312980;65,76;578272;2149640;9256560;90,97;3104020;1719052;
24/07/2018 13:42:01;2812436;5014980;5266328;65,19;581580;2093612;9214120;90,55;3112672;1663596;
24/07/2018 13:44:01;2812820;5015772;5265944;65,18;581816;2094072;9202760;90,44;3112948;1664040;
24/07/2018 13:46:01;2812388;5015356;5266376;65,19;582080;2097920;9192124;90,33;3110312;1667960;
24/07/2018 13:48:01;2724948;4945952;5353816;66,27;589084;2177508;9299624;91,39;3125392;1743892;
24/07/2018 13:50:01;2726564;4947888;5352200;66,25;589340;2168976;9286508;91,26;3129564;1735212;
24/07/2018 13:52:01;2707520;4936460;5371244;66,49;593392;2174368;9311448;91,50;3144140;1740400;
24/07/2018 13:54:01;2719472;4948652;5359292;66,34;593632;2166724;9274540;91,14;3139032;1732748;
24/07/2018 13:56:01;2704160;4933320;5374604;66,53;594004;2183872;9314356;91,53;3140804;1750200;
24/07/2018 13:58:01;2566524;4805912;5512240;68,23;598472;2217612;9908616;97,37;3245752;1783476;
24/07/2018 14:00:01;2164476;4401012;5914288;73,21;599168;2241428;11481384;112,83;3595976;1815336;
24/07/2018 14:02:01;2257232;4520456;5821532;72,06;605272;2256992;11005144;108,15;3495212;1829392;
24/07/2018 14:04:02;2334764;4608388;5744000;71,10;605640;2254392;10629932;104,46;3420300;1826820;
24/07/2018 14:06:01;2569556;4848136;5509208;68,19;606116;2252528;9466256;93,03;3211496;1820536;
24/07/2018 14:08:01;2631064;4893060;5447700;67,43;608880;2186656;9400320;92,38;3212988;1758252;
24/07/2018 14:10:01;2664588;4931684;5414176;67,02;609800;2180000;9376156;92,14;3182040;1749428;
24/07/2018 14:12:01;2678924;4950424;5399840;66,84;612168;2160176;9379560;92,17;3183732;1729716;
24/07/2018 14:14:01;2670744;4942652;5408020;66,94;612520;2160064;9346428;91,85;3189236;1729468;
24/07/2018 14:16:01;2639032;4912676;5439732;67,33;612784;2177796;9384620;92,22;3215944;1746736;
24/07/2018 14:18:01;2543828;4844688;5534936;68,51;619480;2253280;9463540;93,00;3236000;1822304;
24/07/2018 14:20:01;2534436;4842756;5544328;68,63;619768;2264912;9497360;93,33;3228416;1834136;
24/07/2018 14:22:01;2189772;4619444;5888992;72,89;627448;2366264;9939200;97,67;3496464;1900800;
24/07/2018 14:24:01;2236572;4669660;5842192;72,32;627996;2370288;9868252;96,98;3444992;1903596;
24/07/2018 14:26:01;2190536;4628780;5888228;72,89;628288;2371600;9869192;96,99;3491556;1903016;
24/07/2018 14:28:01;2205540;4652044;5873224;72,70;632872;2353092;9869212;96,99;3493568;1885008;
24/07/2018 14:30:01;2069308;4518684;6009456;74,39;633400;2391944;10367088;101,88;3597300;1923352;
24/07/2018 14:32:01;2105560;4559544;5973204;73,94;635908;2354480;10158260;99,83;3595292;1886544;
24/07/2018 14:34:01;2104488;4561716;5974276;73,95;636324;2336376;10403396;102,24;3611780;1867940;
24/07/2018 14:36:01;2170080;4628280;5908684;73,14;636828;2332632;10036848;98,63;3553552;1862764;
24/07/2018 14:38:01;2084368;4550860;5994396;74,20;641268;2377888;10104216;99,30;3591956;1907240;
24/07/2018 14:40:01;2096028;4562872;5982736;74,06;641612;2378532;10093520;99,19;3576888;1907884;
24/07/2018 14:42:01;2087244;4563924;5991520;74,16;646716;2376184;10118572;99,44;3586068;1905972;
24/07/2018 14:44:01;2089828;4567164;5988936;74,13;647100;2375772;10092132;99,18;3583788;1905596;
24/07/2018 14:46:01;2105548;4583312;5973216;73,94;647472;2375836;10068992;98,95;3566088;1905620;
24/07/2018 14:48:01;2090696;4577784;5988068;74,12;652120;2392020;10102704;99,28;3565464;1922120;
24/07/2018 14:50:01;2091276;4578724;5987488;74,11;652464;2383584;10066404;98,92;3572608;1913656;
24/07/2018 14:52:01;2068444;4562580;6010320;74,40;655928;2383528;10091444;99,17;3595948;1913080;
24/07/2018 14:54:01;2068524;4563028;6010240;74,40;656248;2380668;10061204;98,87;3598260;1910260;
24/07/2018 14:56:01;2078004;4572816;6000760;74,28;656536;2371600;10061844;98,88;3597760;1901204;
24/07/2018 14:58:01;2053128;4556176;6025636;74,59;660784;2391796;10078972;99,05;3602164;1921684;
24/07/2018 15:00:01;2033492;4536972;6045272;74,83;661264;2397472;10100928;99,26;3617184;1927340;
24/07/2018 15:02:01;1876360;4383156;6202404;76,77;662616;2380472;10763304;105,77;3793272;1909024;
24/07/2018 15:04:01;1907724;4414884;6171040;76,39;662968;2371952;10529908;103,48;3767620;1900492;
24/07/2018 15:06:01;1893056;4400696;6185708;76,57;663268;2371988;10540388;103,58;3781300;1900188;
24/07/2018 15:08:01;2024788;4540304;6053976;74,94;667356;2396800;10150676;99,75;3630980;1924664;
24/07/2018 15:10:01;2042156;4558008;6036608;74,72;667632;2401636;10092432;99,18;3608800;1929312;
24/07/2018 15:12:01;2072336;4593288;6006428;74,35;671040;2373944;10080816;99,07;3604116;1902784;
24/07/2018 15:14:01;2069148;4590592;6009616;74,39;671356;2370392;10067988;98,94;3610356;1898332;
24/07/2018 15:16:01;2057724;4579568;6021040;74,53;671692;2375552;10062716;98,89;3614856;1903500;
24/07/2018 15:18:01;2320384;4846660;5758380;71,28;673420;2356804;9634064;94,68;3376072;1881680;
24/07/2018 15:20:01;2319860;4846752;5758904;71,28;673756;2372116;9677064;95,10;3372948;1897204;
24/07/2018 15:22:01;2206652;4774264;5872112;72,69;678472;2452512;9713776;95,46;3408940;1977908;
24/07/2018 15:24:01;2224136;4767860;5854628;72,47;678704;2423920;9682656;95,15;3418044;1949540;
24/07/2018 15:26:01;2255824;4800344;5822940;72,08;679088;2415100;9704808;95,37;3390952;1940680;
24/07/2018 15:28:01;2302756;4849828;5776008;71,50;680600;2372144;9635052;94,68;3384520;1897296;
24/07/2018 15:30:01;2238616;4801612;5840148;72,29;681008;2406776;9681044;95,14;3423260;1931076;
24/07/2018 15:32:01;2133632;4724840;5945132;73,59;687532;2493828;9777076;96,08;3439672;2018296;
24/07/2018 15:34:01;2159532;4732828;5919232;73,27;687848;2467008;9733764;95,65;3442436;1992080;
24/07/2018 15:36:01;2140428;4724756;5938336;73,51;688096;2480276;9713172;95,45;3446024;2005296;
24/07/2018 15:38:02;2162028;4753528;5916736;73,24;692096;2482236;9757384;95,89;3416376;2007280;
24/07/2018 15:40:01;2155824;4747740;5922940;73,31;692480;2480760;9729680;95,61;3421912;2005788;
24/07/2018 15:42:01;2190316;4790516;5888448;72,89;696792;2435456;9693448;95,26;3429188;1961076;
24/07/2018 15:44:01;2184060;4784620;5894704;72,97;697080;2439556;9670524;95,03;3429832;1965216;
24/07/2018 15:46:01;2168264;4770332;5910500;73,16;697592;2435692;9756840;95,88;3455644;1961036;
24/07/2018 15:48:01;2155544;4761836;5923220;73,32;699976;2440124;9770172;96,01;3462472;1965100;
24/07/2018 15:50:01;2171904;4793124;5906860;73,12;700360;2466740;9781792;96,13;3432404;1987932;
24/07/2018 15:52:01;2118348;4737636;5960416;73,78;706176;2495516;9876444;97,06;3451420;2020516;
24/07/2018 15:54:01;2065084;4699704;6013680;74,44;706720;2550844;9925668;97,54;3452940;2075284;
24/07/2018 15:56:01;2084436;4740032;5994328;74,20;707388;2538460;9826624;96,57;3445692;2061768;
24/07/2018 15:58:01;2116792;4792304;5961972;73,80;710108;2486860;9716148;95,48;3463664;2010468;
24/07/2018 16:00:01;2140600;4791920;5938164;73,50;710412;2465256;9700728;95,33;3461836;1989460;
24/07/2018 16:02:01;2052224;4727672;6026540;74,60;715116;2526052;9992600;98,20;3486964;2050848;
24/07/2018 16:04:01;2086520;4745636;5992244;74,17;715404;2509304;9759236;95,91;3471544;2034044;
24/07/2018 16:06:01;2070464;4741496;6008300;74,37;715716;2521012;9764196;95,95;3475704;2045644;
24/07/2018 16:08:01;2093740;4783256;5985024;74,08;718124;2491628;9722512;95,54;3481500;2016768;
24/07/2018 16:10:01;2097744;4789432;5981020;74,03;718764;2495948;9830204;96,60;3467896;2020600;
24/07/2018 16:12:01;2185352;4881284;5893412;72,95;721336;2472704;9510000;93,46;3402972;1997528;
24/07/2018 16:14:01;2027216;4730320;6051548;74,91;721988;2484164;9985088;98,12;3550044;2008008;
24/07/2018 16:16:01;2014072;4717660;6064692;75,07;722268;2486884;9976880;98,04;3557668;2010716;
24/07/2018 16:18:01;1952204;4666764;6126560;75,84;727836;2537920;10060836;98,87;3565196;2062052;
24/07/2018 16:20:01;1951236;4666316;6127528;75,85;728316;2528852;10029176;98,56;3571864;2053012;
24/07/2018 16:22:01;1854088;4579192;6224676;77,05;733380;2628876;10178036;100,02;3570192;2153396;
24/07/2018 16:24:01;1904204;4638264;6174560;76,43;733828;2564388;10090456;99,16;3595300;2088176;
24/07/2018 16:26:01;1879692;4636484;6199072;76,73;734108;2583800;10083436;99,09;3601620;2107572;
24/07/2018 16:28:01;1865808;4604792;6212956;76,90;735896;2589616;10104220;99,30;3609772;2113636;
24/07/2018 16:30:01;1910156;4649764;6168608;76,36;736448;2572056;10101772;99,27;3575396;2096292;
24/07/2018 16:32:01;1800156;4552520;6278608;77,72;742312;2671008;10220304;100,44;3588392;2195776;
24/07/2018 16:34:01;1862440;4613788;6216324;76,95;743100;2560124;10319072;101,41;3629724;2088196;
24/07/2018 16:36:01;1717452;4470244;6361312;78,74;743680;2563264;10494148;103,13;3771536;2082660;
24/07/2018 16:38:01;1276004;4052040;6802760;84,21;748284;2787412;11923752;117,18;4000948;2283932;
24/07/2018 16:40:01;1158540;3923444;6920224;85,66;749348;2779204;12261428;120,49;4113336;2282624;
24/07/2018 16:42:01;1688044;4458916;6390720;79,11;750044;2643380;10452428;102,72;3745012;2144728;
24/07/2018 16:44:01;1071744;3864788;7007020;86,73;757584;2769832;11858260;116,53;4215836;2269652;
24/07/2018 16:46:01;1629032;4416044;6449732;79,84;758376;2616368;10818528;106,32;3821396;2120360;
24/07/2018 16:48:01;1664868;4478680;6413896;79,39;765324;2606608;10778104;105,92;3794900;2108920;
24/07/2018 16:50:01;1644744;4460704;6434020;79,64;765708;2620716;10792496;106,06;3801908;2121916;
24/07/2018 16:52:01;1646588;4462900;6432176;79,62;766044;2604652;10789136;106,03;3812348;2105880;
24/07/2018 16:54:01;1604716;4430632;6474048;80,14;771108;2624188;10817872;106,31;3833244;2125772;
24/07/2018 16:56:01;1386016;4214344;6692748;82,84;771628;2633040;11852624;116,48;4034716;2133872;
24/07/2018 16:58:01;1324564;4170060;6754200;83,60;776312;2633376;11811148;116,07;4104588;2129256;
24/07/2018 17:00:01;1316036;4163044;6762728;83,71;777060;2612040;12114440;119,05;4128832;2108560;
24/07/2018 17:02:01;1506540;4360552;6572224;81,35;777964;2629004;11204188;110,11;3935768;2122088;
24/07/2018 17:04:01;1446732;4312568;6632032;82,09;783708;2646160;11330708;111,35;3969684;2139720;
24/07/2018 17:06:01;1648252;4515064;6430512;79,60;784244;2634640;10240600;100,64;3791280;2127900;
24/07/2018 17:08:01;1624508;4501080;6454256;79,89;789244;2655764;10220936;100,44;3791536;2149416;
24/07/2018 17:10:01;1650812;4527716;6427952;79,57;789556;2653932;10187644;100,12;3765148;2147584;
24/07/2018 17:12:01;1643844;4521124;6434920;79,65;789868;2654188;10225092;100,48;3770660;2147828;
24/07/2018 17:14:01;1672156;4558960;6406608;79,30;795604;2615844;10161824;99,86;3779600;2111460;
24/07/2018 17:16:01;1666844;4554128;6411920;79,37;795908;2615944;10166740;99,91;3785188;2111544;
24/07/2018 17:18:01;1630660;4526516;6448104;79,82;801232;2645044;10186220;100,10;3789392;2142528;
24/07/2018 17:20:01;1625444;4521608;6453320;79,88;801504;2645092;10188148;100,12;3794416;2142576;
24/07/2018 17:22:01;1625004;4521432;6453760;79,89;801840;2645028;10222856;100,46;3793960;2142540;
24/07/2018 17:24:01;1599000;4508464;6479764;80,21;808232;2663464;10201744;100,25;3800172;2161712;
24/07/2018 17:26:01;1598848;4508596;6479916;80,21;808480;2663496;10201636;100,25;3800164;2161736;
24/07/2018 17:28:01;1579880;4504036;6498884;80,44;815604;2675504;10259224;100,82;3813532;2173980;
24/07/2018 17:30:01;1572296;4497140;6506468;80,54;816108;2676460;10264868;100,87;3818860;2174940;
24/07/2018 17:32:01;1511760;4437952;6567004;81,29;816836;2691876;10508432;103,27;3863472;2190164;
24/07/2018 17:34:01;1493076;4430332;6585688;81,52;822612;2702700;10478024;102,97;3870512;2201112;
24/07/2018 17:36:01;1442628;4381224;6636136;82,14;823128;2710832;10772668;105,86;3915960;2208940;
24/07/2018 17:38:01;1100880;4056836;6977884;86,37;829064;2731916;11760404;115,57;4219096;2229752;
24/07/2018 17:40:01;961204;3911316;7117560;88,10;829508;2746780;11759276;115,56;4338236;2249220;
24/07/2018 17:42:01;934872;3898556;7143892;88,43;830336;2955364;11328132;111,32;4167564;2450264;
24/07/2018 17:44:01;1334416;4328124;6744348;83,48;838576;2785492;11003440;108,13;3940952;2279744;
24/07/2018 17:46:01;1576812;4574172;6501952;80,48;839176;2730840;10166740;99,91;3763668;2222412;
24/07/2018 17:48:01;1615176;4626508;6463588;80,01;846328;2705908;10105652;99,31;3747884;2198092;
24/07/2018 17:50:01;1595232;4606888;6483532;80,25;846596;2715124;10091976;99,18;3755184;2206664;
24/07/2018 17:52:01;1582476;4594560;6496288;80,41;846896;2723196;10125588;99,51;3758412;2214740;
24/07/2018 17:54:01;1577796;4596956;6500968;80,47;851584;2724852;10117700;99,43;3761616;2216784;
24/07/2018 17:56:01;1585484;4605144;6493280;80,37;851864;2716488;10120048;99,45;3760728;2208376;
24/07/2018 17:58:01;1515228;4542980;6563536;81,24;855732;2717584;10054392;98,81;3839352;2209212;
24/07/2018 18:00:01;1540716;4568996;6538048;80,93;856128;2703172;10034884;98,61;3825720;2194804;
24/07/2018 18:02:01;1533692;4562432;6545072;81,02;856504;2710296;10054800;98,81;3825796;2201484;
24/07/2018 18:04:01;1481436;4540192;6597328;81,66;861960;2745232;10056520;98,83;3840684;2236808;
24/07/2018 18:06:01;1486092;4545164;6592672;81,60;862232;2743392;10041652;98,68;3836876;2234984;
24/07/2018 18:08:01;1281568;4410596;6797196;84,14;908164;2756620;10750768;105,65;3988808;2285096;
24/07/2018 18:10:01;1268720;4398304;6810044;84,30;908428;2754332;10776872;105,91;4000040;2282800;
24/07/2018 18:12:01;1233200;4363320;6845564;84,74;908836;2761948;11040064;108,49;4021880;2290416;
24/07/2018 18:14:01;1194028;4337140;6884736;85,22;915292;2813800;10858012;106,70;4010248;2342900;
24/07/2018 18:16:01;1457260;4600984;6621504;81,96;915644;2768740;9996132;98,23;3802708;2297776;
24/07/2018 18:18:01;979996;4136340;7098768;87,87;920740;2886668;10930368;107,41;4158048;2415984;
24/07/2018 18:20:01;972612;4129276;7106152;87,96;920972;2891212;10925984;107,37;4156816;2420520;
24/07/2018 18:22:01;442492;3729348;7636272;94,52;921632;3064312;12480708;122,65;4611608;2483556;
24/07/2018 18:24:01;1049836;4137752;7028928;87,00;919968;2796416;11216148;110,22;4395508;2105696;
24/07/2018 18:26:01;1106868;4195512;6971896;86,30;920348;2781912;11125684;109,33;4351264;2090544;
24/07/2018 18:28:01;1085184;4183828;6993580;86,57;925300;2805392;11129428;109,37;4346656;2113784;
24/07/2018 18:30:01;1089552;4188436;6989212;86,51;925592;2813688;11135720;109,43;4333612;2122032;
24/07/2018 18:32:01;1019712;4119632;7059052;87,38;926048;2813668;11249288;110,55;4408188;2121504;
24/07/2018 18:34:01;962876;4077104;7115888;88,08;933168;2851544;11224792;110,31;4424844;2159776;
24/07/2018 18:36:01;986720;4101300;7092044;87,79;933432;2840564;11225164;110,31;4409864;2148800;
24/07/2018 18:38:01;609684;3744008;7469080;92,45;938220;2914356;12728764;125,09;4725520;2202204;
24/07/2018 18:40:01;643036;3777812;7435728;92,04;938564;2925292;12594680;123,77;4680904;2212460;
24/07/2018 18:42:01;632500;3774416;7446264;92,17;939124;2932924;12603876;123,86;4687092;2213636;
24/07/2018 18:44:01;610528;3763452;7468236;92,44;944708;2938632;12586972;123,69;4699596;2219432;
24/07/2018 18:46:02;620080;3773972;7458684;92,32;945256;2945548;12628196;124,10;4689372;2225448;
24/07/2018 18:48:01;348548;3518672;7730216;95,69;950840;2990952;13287460;130,58;4910860;2269796;
24/07/2018 18:50:01;461628;3634012;7617136;94,29;951532;2936696;12712488;124,93;4857672;2215300;
24/07/2018 18:52:01;579380;3752588;7499384;92,83;952132;2911284;12605696;123,88;4763300;2189868;
24/07/2018 18:54:01;567568;3748548;7511196;92,97;956260;2907680;12564500;123,47;4775352;2186716;
24/07/2018 18:56:01;570920;3752688;7507844;92,93;956644;2902076;12559380;123,42;4776584;2181112;
24/07/2018 18:58:01;439832;3626028;7638932;94,56;958948;2981652;12805288;125,84;4835096;2259400;
24/07/2018 19:00:01;457396;3644840;7621368;94,34;959428;2965396;12723192;125,03;4833816;2242548;
24/07/2018 19:02:01;460548;3657992;7618216;94,30;959832;2962456;12722948;125,03;4861072;2209240;
24/07/2018 19:04:01;425996;3637076;7652768;94,73;966552;2983800;12710076;124,90;4872780;2230664;
24/07/2018 19:06:01;362036;3577636;7716728;95,52;967004;3014272;13106852;128,80;4908172;2259696;
24/07/2018 19:08:01;467456;3693160;7611308;94,21;971616;2987576;12738624;125,18;4833920;2231620;
24/07/2018 19:10:01;419112;3645476;7659652;94,81;972044;2951984;12741732;125,21;4917804;2195808;
24/07/2018 19:12:01;415564;3642436;7663200;94,86;972412;2950068;12739500;125,19;4920232;2193768;
24/07/2018 19:14:01;375440;3610328;7703324;95,35;976588;2982780;12771632;125,51;4925864;2226152;
24/07/2018 19:16:01;379528;3615168;7699236;95,30;976916;2974816;12742340;125,22;4929104;2218180;
24/07/2018 19:18:01;220624;3466200;7858140;97,27;981608;2986260;12940572;127,17;5082880;2230224;
24/07/2018 19:20:01;196980;3443156;7881784;97,56;982000;2981184;12918700;126,95;5106964;2225176;
24/07/2018 19:22:01;203208;3449952;7875556;97,48;982392;2980132;12935412;127,12;5098640;2224088;
24/07/2018 19:24:01;543060;3680052;7535704;93,28;937076;2933792;12740748;125,20;4870552;2120568;
24/07/2018 19:26:01;513004;3650892;7565760;93,65;937532;2940672;12741280;125,21;4892824;2127312;
24/07/2018 19:28:01;571820;3723404;7506944;92,92;944268;2922132;12658228;124,39;4852068;2108776;
24/07/2018 19:30:01;556192;3707860;7522572;93,12;944668;2928468;12662980;124,44;4858616;2114816;
24/07/2018 19:32:01;513056;3666588;7565708;93,65;945428;2937624;12754992;125,34;4901032;2123316;
24/07/2018 19:34:01;504628;3669608;7574136;93,75;951276;2934420;12716208;124,96;4909672;2120544;
24/07/2018 19:36:01;512068;3678320;7566696;93,66;951808;2920048;12716024;124,96;4915568;2105796;
24/07/2018 19:38:01;493348;3670336;7585416;93,89;957300;2925360;12733840;125,14;4927136;2111548;
24/07/2018 19:40:01;502304;3679612;7576460;93,78;957588;2912408;12685252;124,66;4929820;2098424;
24/07/2018 19:42:01;503016;3680608;7575748;93,77;957876;2910988;12722404;125,02;4928384;2097228;
24/07/2018 19:44:01;484112;3674248;7594652;94,01;964196;2917284;12675028;124,56;4939540;2104096;
24/07/2018 19:46:01;489456;3679916;7589308;93,94;964476;2917340;12673188;124,54;4932412;2104140;
24/07/2018 19:48:01;453104;3654096;7625660;94,39;969924;2946964;12698604;124,79;4938696;2133792;
24/07/2018 19:50:01;449436;3650760;7629328;94,44;970212;2947916;12681992;124,63;4942080;2134740;
24/07/2018 19:52:01;416932;3621452;7661832;94,84;970600;2950580;12957044;127,33;4978724;2141364;
24/07/2018 19:54:01;452456;3672340;7626308;94,40;977976;2948680;12693076;124,74;4945044;2139840;
24/07/2018 19:56:01;448908;3669084;7629856;94,44;978248;2948696;12713532;124,94;4944148;2139796;
24/07/2018 19:58:01;475392;3705392;7603372;94,12;983504;2916748;12696148;124,77;4948232;2108280;
24/07/2018 20:00:01;475724;3705980;7603040;94,11;983724;2916828;12679484;124,60;4945440;2108336;
24/07/2018 20:02:01;474544;3705064;7604220;94,13;983976;2916680;12713000;124,93;4945052;2108256;
24/07/2018 20:04:01;459208;3701932;7619556;94,32;990180;2922904;12652628;124,34;4953188;2115004;
24/07/2018 20:06:01;459492;3702476;7619272;94,31;990412;2922956;12654968;124,36;4951676;2115092;
24/07/2018 20:08:01;459220;3712472;7619544;94,32;995864;2952416;12688756;124,69;4921240;2144620;
24/07/2018 20:10:01;449160;3702684;7629604;94,44;996092;2952228;12826396;126,05;4932080;2144428;
24/07/2018 20:12:01;453976;3707776;7624788;94,38;996368;2952420;12705060;124,85;4926484;2144696;
24/07/2018 20:14:01;484068;3747620;7594696;94,01;1001336;2933088;12650492;124,32;4917444;2125724;
24/07/2018 20:16:01;478584;3742420;7600180;94,08;1001580;2933156;12645312;124,27;4922480;2125840;
24/07/2018 20:18:01;483944;3758420;7594820;94,01;1008240;2920768;12630560;124,12;4926392;2116332;
24/07/2018 20:20:01;482932;3757672;7595832;94,02;1008472;2920828;12631744;124,13;4927240;2116404;
24/07/2018 20:22:01;426144;3701456;7652620;94,73;1008776;2947512;12948504;127,25;4954632;2142912;
24/07/2018 20:24:01;421296;3705880;7657468;94,79;1013412;2975372;12715556;124,96;4939916;2171076;
24/07/2018 20:26:01;411364;3696324;7667400;94,91;1013736;2976948;12727784;125,08;4947264;2172596;
24/07/2018 20:28:01;385424;3681168;7693340;95,23;1019012;2991504;12742128;125,22;4957964;2187528;
24/07/2018 20:30:01;450368;3748032;7628396;94,43;1019560;2982808;12734796;125,15;4906592;2178500;
24/07/2018 20:32:01;408064;3708648;7670700;94,95;1020184;2979268;12689948;124,71;4953064;2174668;
24/07/2018 20:34:01;402868;3711456;7675896;95,01;1023904;3007148;12735776;125,16;4930136;2202360;
24/07/2018 20:36:01;288412;3598524;7790352;96,43;1024472;3014488;12842728;126,21;5035252;2209136;
24/07/2018 20:38:01;392024;3602756;7686740;95,15;1017836;2917400;12838824;126,17;5118052;2023280;
24/07/2018 20:40:01;388240;3599168;7690524;95,19;1018072;2919416;12827380;126,06;5117776;2025272;
24/07/2018 20:42:01;512420;3724564;7566344;93,66;1018460;2900776;12685600;124,66;5017684;2006184;
24/07/2018 20:44:01;523016;3745812;7555748;93,53;1022364;2878260;12645320;124,27;5029140;1981304;
24/07/2018 20:46:01;525420;3751200;7553344;93,50;1022624;2873552;12611708;123,94;5030700;1975488;
24/07/2018 20:48:01;235552;3680904;7843212;97,08;1005892;3143028;12776224;125,55;5231868;2063776;
24/07/2018 20:50:01;281336;3733844;7797428;96,52;1006128;3144468;12665184;124,46;5185136;2065232;
24/07/2018 20:52:01;262484;3715384;7816280;96,75;1006448;3154868;12684360;124,65;5190196;2075392;
24/07/2018 20:54:01;347012;3600612;7731752;95,70;903012;3024816;12752420;125,32;5328900;1858992;
24/07/2018 20:56:01;466788;3723328;7611976;94,22;903580;3023728;12710452;124,91;5210700;1856348;
24/07/2018 20:58:01;438056;3704436;7640708;94,58;908648;3056564;12716748;124,97;5203008;1888840;
24/07/2018 21:00:01;462852;3729560;7615912;94,27;908932;3045168;12691424;124,72;5188080;1877440;
24/07/2018 21:02:01;383452;3655084;7695312;95,25;909760;3058068;12868968;126,47;5258264;1883952;
24/07/2018 21:04:01;352312;3634684;7726452;95,64;915128;3084112;12891692;126,69;5261612;1910492;
24/07/2018 21:06:01;350132;3632804;7728632;95,67;915376;3084140;12907860;126,85;5262424;1910516;
24/07/2018 21:08:01;341608;3634920;7737156;95,77;920788;3087816;12897088;126,74;5265056;1914764;
24/07/2018 21:10:01;338336;3631984;7740428;95,81;921052;3087872;12896344;126,73;5267952;1914812;
24/07/2018 21:12:01;333992;3627964;7744772;95,87;921360;3087868;12904212;126,81;5272020;1914836;
24/07/2018 21:14:01;384316;3687676;7694448;95,24;927076;3042580;12855420;126,33;5266784;1871612;
24/07/2018 21:16:01;373280;3676900;7705484;95,38;927312;3042568;12845952;126,24;5276816;1871576;
24/07/2018 21:18:01;328068;3642224;7750696;95,94;932640;3081348;12895852;126,73;5282392;1910180;
24/07/2018 21:20:01;327320;3641692;7751444;95,95;932836;3076340;12881136;126,58;5287836;1905152;
24/07/2018 21:22:01;632492;3578256;7446272;92,17;814904;2831016;13777524;135,39;5295464;1608004;
24/07/2018 21:24:01;725404;3679920;7353360;91,02;819388;2810748;12848772;126,27;5223492;1587424;
24/07/2018 21:26:01;725428;3680228;7353336;91,02;819648;2810760;12871276;126,49;5221964;1587440;
24/07/2018 21:28:01;702668;3668672;7376096;91,30;825340;2821752;12858712;126,36;5233880;1595984;
24/07/2018 21:30:01;714328;3680640;7364436;91,16;825600;2816732;12845504;126,23;5224772;1590964;
24/07/2018 21:32:01;678076;3644908;7400688;91,61;825864;2840224;12891960;126,69;5236244;1614132;
24/07/2018 21:34:01;639184;3623236;7439580;92,09;834344;2876652;12919460;126,96;5239068;1649856;
24/07/2018 21:36:01;597828;3585696;7480936;92,60;834988;2890512;12948608;127,25;5279928;1661092;
24/07/2018 21:38:01;634304;3629644;7444460;92,15;838544;2851232;12860672;126,38;5283604;1621484;
24/07/2018 21:40:01;609084;3604876;7469680;92,46;838840;2861800;12873784;126,51;5294868;1631872;
24/07/2018 21:42:01;593076;3589384;7485688;92,66;839284;2867072;12904084;126,81;5303640;1637180;
24/07/2018 21:44:01;579328;3589736;7499436;92,83;846048;2873252;12896568;126,74;5308716;1643488;
24/07/2018 21:46:01;567024;3577852;7511740;92,98;846380;2883112;12896052;126,73;5310596;1653308;
24/07/2018 21:48:01;588568;3611136;7490196;92,71;852404;2871964;12883228;126,61;5298156;1642664;
24/07/2018 21:50:01;577516;3600404;7501248;92,85;852700;2872100;12892604;126,70;5308784;1642700;
24/07/2018 21:52:01;590180;3613436;7488584;92,69;853008;2872168;12897820;126,75;5294108;1642688;
24/07/2018 21:54:01;608256;3635552;7470508;92,47;855316;2842512;12840004;126,18;5306352;1612852;
24/07/2018 21:56:01;632768;3661336;7445996;92,17;855728;2842224;12845780;126,24;5290380;1612452;
24/07/2018 21:58:01;556588;3595720;7522176;93,11;861008;2894768;12909416;126,86;5312632;1665284;
24/07/2018 22:00:01;565452;3604908;7513312;93,00;861252;2882536;12888104;126,65;5314156;1653060;
24/07/2018 22:02:01;552728;3592476;7526036;93,16;861512;2887284;12950348;127,26;5320344;1657796;
24/07/2018 22:04:01;570896;3618588;7507868;92,93;865548;2868528;12892568;126,70;5319864;1639556;
24/07/2018 22:06:01;561216;3608968;7517548;93,05;865828;2872564;12884752;126,62;5324152;1643840;
24/07/2018 22:08:01;609540;3662040;7469224;92,46;868684;2841352;12861412;126,39;5313116;1613104;
24/07/2018 22:10:01;664368;3702136;7414396;91,78;869084;2835660;12900496;126,77;5258492;1616304;
24/07/2018 22:12:01;479696;3520836;7599068;94,06;869512;2857500;13325984;130,96;5413340;1637520;
24/07/2018 22:14:01;584420;3633852;7494344;92,77;873680;2860612;12870624;126,48;5310292;1640728;
24/07/2018 22:16:01;561472;3611452;7517292;93,05;873972;2881696;12888508;126,66;5311196;1661712;
24/07/2018 22:18:01;413980;3473612;7664784;94,88;878784;2953592;13043928;128,18;5386216;1733264;
25/07/2018 08:30:01;4538476;5384404;3540288;43,82;135000;1326376;9365692;92,04;2128904;1104440;
25/07/2018 08:32:01;4734164;5795068;3344600;41,40;183452;1392660;8167612;80,26;1865780;1177592;
25/07/2018 08:34:01;4729964;5793316;3348800;41,45;183832;1384508;8197312;80,56;1879252;1168248;
25/07/2018 08:36:01;4431128;5506288;3647636;45,15;187988;1486572;8895780;87,42;2063768;1269348;
25/07/2018 08:38:01;4208816;5289000;3869948;47,90;188656;1538108;9257368;90,97;2231888;1318844;
25/07/2018 08:40:01;3925864;5011952;4152900;51,41;190204;1534344;9568576;94,03;2513876;1312016;
25/07/2018 08:42:01;3851336;4962344;4227428;52,33;195708;1584992;10111792;99,37;2535476;1358872;
25/07/2018 08:44:01;4102764;5215056;3976000;49,22;196444;1536508;9645256;94,79;2341112;1304460;
25/07/2018 08:46:01;4074744;5197800;4004020;49,56;201716;1550584;9675708;95,08;2351916;1318224;
25/07/2018 08:48:01;4063040;5186612;4015724;49,71;202004;1555536;9668576;95,01;2357760;1322828;
25/07/2018 08:50:01;4064420;5188428;4014344;49,69;202268;1551340;9669444;95,02;2359584;1318524;
25/07/2018 08:52:01;4055944;5193132;4022820;49,79;208964;1551700;9694460;95,27;2365804;1319400;
25/07/2018 08:54:01;3860480;5014608;4218284;52,21;209768;1595688;10276168;100,99;2519732;1358720;
25/07/2018 08:56:01;3826404;4990356;4252360;52,64;215024;1621380;10101644;99,27;2527572;1384320;
25/07/2018 08:58:01;3817280;4981528;4261484;52,75;215264;1616744;10089636;99,15;2539768;1379648;
25/07/2018 09:00:01;3817268;4981808;4261496;52,75;215536;1616764;10075752;99,02;2538684;1379668;
25/07/2018 09:02:01;3687064;4869272;4391700;54,36;221856;1632452;10969668;107,80;2645300;1392476;
25/07/2018 09:04:01;3729820;4918480;4348944;53,83;222328;1640028;10775832;105,90;2598384;1397464;
25/07/2018 09:06:01;3719204;4920976;4359560;53,96;228896;1639680;10761372;105,75;2607996;1397160;
25/07/2018 09:08:01;3698444;4900492;4380320;54,22;229152;1642544;10780416;105,94;2623472;1399984;
25/07/2018 09:10:01;3703252;4906052;4375512;54,16;229608;1642968;10782804;105,96;2617460;1400268;
25/07/2018 09:12:01;3711132;4923304;4367632;54,06;234400;1618848;10790500;106,04;2632116;1376556;
25/07/2018 09:14:01;3705264;4917704;4373500;54,14;234648;1622916;10773032;105,87;2632792;1380624;
25/07/2018 09:16:01;3706192;4932132;4372572;54,12;240340;1648360;10171664;99,96;2624684;1404724;
25/07/2018 09:18:01;3643456;4873220;4435308;54,90;240788;1670020;10549752;103,67;2660512;1425592;
25/07/2018 09:20:01;3765240;4996212;4313524;53,39;241248;1674756;10185484;100,09;2542312;1428664;
25/07/2018 09:22:01;3760100;5005796;4318664;53,46;248632;1651916;10178956;100,03;2567848;1406008;
25/07/2018 09:24:01;3753276;4999204;4325488;53,54;248840;1651680;10168544;99,93;2573092;1405756;
25/07/2018 09:26:01;3768080;5022700;4310684;53,36;253488;1633436;10146280;99,71;2575092;1387844;
25/07/2018 09:28:01;3759496;5014404;4319268;53,46;253744;1631032;10159304;99,84;2584512;1385436;
25/07/2018 09:30:01;3770084;5025296;4308680;53,33;254016;1631084;10184472;100,08;2573596;1385488;
25/07/2018 09:32:01;3730388;4988428;4348376;53,82;255336;1595956;10393104;102,13;2645972;1350004;
25/07/2018 09:34:01;3760016;5018324;4318748;53,46;255544;1600040;10160768;99,85;2612724;1354060;
25/07/2018 09:36:01;3673856;4946740;4404908;54,52;262864;1673596;10226580;100,50;2623912;1428036;
25/07/2018 09:38:01;3668220;4941532;4410544;54,59;263136;1664732;10232660;100,56;2637776;1419104;
25/07/2018 09:40:01;3671656;4945392;4407108;54,55;263408;1669532;10236384;100,59;2633536;1423864;
25/07/2018 09:42:01;3666232;4950116;4412532;54,62;268576;1653076;10243024;100,66;2654044;1407868;
25/07/2018 09:44:01;3671008;4955492;4407756;54,56;268812;1649556;10204764;100,28;2652488;1404180;
25/07/2018 09:46:01;3668688;4962156;4410076;54,59;273424;1649784;10200504;100,24;2653100;1405212;
25/07/2018 09:48:01;3544644;4882832;4534120;56,12;282152;1699696;10456576;102,76;2734756;1444052;
25/07/2018 09:50:01;3571560;4911040;4507204;55,79;282392;1695744;10306220;101,28;2713636;1439040;
25/07/2018 09:52:01;3552752;4900456;4526012;56,02;286968;1701952;10328216;101,50;2725580;1445720;
25/07/2018 09:54:01;3533244;4881360;4545520;56,27;287332;1727128;10357700;101,79;2727816;1471492;
25/07/2018 09:56:01;3478916;4843452;4599848;56,94;294948;1750188;10384720;102,05;2755856;1494576;
25/07/2018 09:58:01;3491328;4856136;4587436;56,78;295196;1734588;10368964;101,90;2757228;1478856;
25/07/2018 10:00:01;3590108;4955504;4488656;55,56;295572;1721012;10230464;100,54;2674336;1465044;
25/07/2018 10:02:01;3483060;4862900;4595704;56,89;301292;1726072;10356744;101,78;2776180;1470400;
25/07/2018 10:04:01;3492828;4873004;4585936;56,77;301524;1718532;10349916;101,71;2773344;1462844;
25/07/2018 10:06:01;3411036;4798236;4667728;57,78;305252;1790976;10410524;102,31;2781096;1535600;
25/07/2018 10:08:01;3472972;4860492;4605792;57,01;305508;1720248;10356548;101,78;2788244;1464884;
25/07/2018 10:10:01;2838944;4352356;5239820;64,86;309864;1944500;11946480;117,40;3181844;1683156;
25/07/2018 10:12:01;2634016;4154616;5444748;67,40;316232;1965116;12107328;118,98;3363576;1703632;
25/07/2018 10:14:01;2655168;4176152;5423596;67,13;316480;1979284;12159656;119,49;3323836;1717720;
25/07/2018 10:16:01;2780748;4316584;5298016;65,58;322488;1995192;11903224;116,97;3189136;1733192;
25/07/2018 10:18:01;2687784;4225508;5390980;66,73;323368;2024368;12009264;118,02;3251136;1761764;
25/07/2018 10:20:01;2644764;4183964;5434000;67,26;323916;2025664;12021656;118,14;3296100;1761652;
25/07/2018 10:22:01;2705288;4247508;5373476;66,51;325348;1968768;11971896;117,65;3291228;1704536;
25/07/2018 10:24:01;2750676;4294080;5328088;65,95;325740;1970900;11933164;117,27;3244928;1706060;
25/07/2018 10:26:01;2677324;4230800;5401440;66,86;331004;2044752;11983860;117,77;3244868;1779944;
25/07/2018 10:28:01;2643468;4197752;5435296;67,28;331552;2059296;12042764;118,35;3263448;1794116;
25/07/2018 10:30:01;2637148;4191960;5441616;67,36;331944;2058780;12034660;118,27;3268452;1793652;
25/07/2018 10:32:01;2482608;4049812;5596156;69,27;337776;2073164;12346260;121,33;3408056;1807964;
25/07/2018 10:34:01;2609172;4176804;5469592;67,70;338064;2073780;12059628;118,51;3281812;1808568;
25/07/2018 10:36:01;2531524;4108328;5547240;68,66;342496;2080320;12112580;119,03;3352584;1815192;
25/07/2018 10:38:01;2547292;4124636;5531472;68,47;342928;2053808;12103540;118,94;3361996;1788672;
25/07/2018 10:40:02;2622160;4200884;5456604;67,54;343340;2049776;11988404;117,81;3297096;1784632;
25/07/2018 10:42:01;2621072;4208948;5457692;67,56;347992;2054372;11941556;117,35;3290376;1789524;
25/07/2018 10:44:01;2573892;4162576;5504872;68,14;348392;2051084;12114696;119,05;3339804;1786080;
25/07/2018 10:46:01;2553000;4152188;5525764;68,40;353700;2061288;12095476;118,86;3348056;1796768;
25/07/2018 10:48:01;2075116;3684720;6003648;74,31;355092;2520624;12781028;125,60;3366620;2252112;
25/07/2018 10:50:01;2041364;3651784;6037400;74,73;355596;2523184;12765560;125,45;3394464;2254692;
25/07/2018 10:52:01;2651960;4276208;5426804;67,17;361680;1967336;12209464;119,98;3345952;1697292;
25/07/2018 10:54:01;2701436;4326064;5377328;66,56;361936;1994832;12213844;120,03;3266108;1724776;
25/07/2018 10:56:01;2698224;4330080;5380540;66,60;365864;1978448;12193812;119,83;3285836;1708672;
25/07/2018 10:58:01;2854292;4487736;5224472;64,67;366308;1966072;11679264;114,77;3152776;1694372;
25/07/2018 11:00:01;2852400;4486216;5226364;64,69;366644;1961368;11642572;114,41;3159100;1689680;
25/07/2018 11:02:01;2894132;4530496;5184632;64,18;368036;1919896;11632888;114,32;3157420;1648084;
25/07/2018 11:04:01;2882460;4519208;5196304;64,32;368340;1928704;11590748;113,90;3160160;1656848;
25/07/2018 11:06:01;2799468;4449872;5279296;65,35;375188;1994480;11651816;114,50;3175984;1722864;
25/07/2018 11:08:01;2800348;4451844;5278416;65,34;375620;1993772;11670492;114,69;3178096;1722240;
25/07/2018 11:10:01;2806940;4458920;5271824;65,26;375988;1993924;11666056;114,64;3170652;1722412;
25/07/2018 11:12:01;2805484;4468988;5273280;65,27;381892;1982468;11682556;114,81;3183856;1711692;
25/07/2018 11:14:01;2802076;4466124;5276688;65,32;382316;1982340;11657592;114,56;3185744;1711524;
25/07/2018 11:16:01;2699820;4373624;5378944;66,58;386692;1994028;11923876;117,18;3279100;1720464;
25/07/2018 11:18:01;2686000;4360512;5392764;66,75;387156;1991996;11959056;117,52;3292420;1718404;
25/07/2018 11:20:01;2674956;4350072;5403808;66,89;387508;2000072;11938480;117,32;3294756;1726380;
25/07/2018 11:22:01;2644564;4333804;5434200;67,27;394300;2015876;11989680;117,82;3305392;1742920;
25/07/2018 11:24:01;2650096;4339664;5428668;67,20;394604;2007232;11973932;117,67;3307924;1734292;
25/07/2018 11:26:01;2627656;4325264;5451108;67,47;399124;2013280;11980316;117,73;3323360;1740712;
25/07/2018 11:28:01;2801856;4500368;5276908;65,32;399592;1991656;11404948;112,08;3183876;1718888;
25/07/2018 11:30:01;2774208;4473524;5304556;65,66;400008;1996184;11410668;112,13;3205816;1723448;
25/07/2018 11:32:01;2666068;4377720;5412696;67,00;405276;1998632;12356116;121,43;3311496;1724020;
25/07/2018 11:34:01;2763720;4475728;5315044;65,79;405548;1996688;11421084;112,24;3218052;1722068;
25/07/2018 11:36:01;2744136;4465132;5334628;66,03;409976;2035960;11487116;112,89;3201160;1760084;
25/07/2018 11:38:01;2759352;4480548;5319412;65,84;410320;2008240;11438236;112,41;3210808;1732508;
25/07/2018 11:40:01;2728704;4450424;5350060;66,22;410640;2027480;11435740;112,38;3221540;1751708;
25/07/2018 11:42:01;2752656;4477576;5326108;65,93;412384;1999228;11455756;112,58;3226020;1722328;
25/07/2018 11:44:01;2752636;4477836;5326128;65,93;412576;1997364;11427684;112,30;3227204;1720368;
25/07/2018 11:46:01;2707252;4441092;5371512;66,49;416936;2035512;11465764;112,68;3232424;1758900;
25/07/2018 11:48:01;2721812;4456096;5356952;66,31;417336;2016008;11428480;112,31;3236692;1739420;
25/07/2018 11:50:01;2719304;4454724;5359460;66,34;417656;2021676;11443884;112,46;3232388;1745116;
25/07/2018 11:52:01;2709352;4455484;5369412;66,46;422816;2031084;11481752;112,83;3232088;1755128;
25/07/2018 11:54:01;2700496;4446972;5378268;66,57;423096;2035384;11466132;112,68;3236724;1758604;
25/07/2018 11:56:01;2771812;4520672;5306952;65,69;424440;1986128;11392440;111,95;3215392;1709260;
25/07/2018 11:58:01;2746904;4496272;5331860;66,00;424848;2000068;11412732;112,15;3225708;1723144;
25/07/2018 12:00:01;2763556;4513188;5315208;65,79;425128;1990420;11387600;111,91;3218976;1713540;
25/07/2018 12:02:01;2733780;4493868;5344984;66,16;430444;2049240;11562320;113,62;3190924;1772004;
25/07/2018 12:04:02;2687200;4448012;5391564;66,74;430800;2068128;11405348;112,08;3226704;1791412;
25/07/2018 12:06:01;2666180;4431508;5412584;67,00;433076;2046972;11431676;112,34;3269232;1768924;
25/07/2018 12:08:01;2629908;4395608;5448856;67,45;433356;2035796;11463852;112,66;3314764;1757712;
25/07/2018 12:10:01;2639700;4408132;5439064;67,33;434080;2039832;11495028;112,96;3308552;1760688;
25/07/2018 12:12:01;2607744;4389084;5471020;67,72;440016;2062828;11500040;113,01;3314168;1783680;
25/07/2018 12:14:01;2479056;4262036;5599708;69,31;440668;2077992;11779492;115,76;3434304;1788956;
25/07/2018 12:16:01;2597488;4391416;5481276;67,85;445956;2070664;11697296;114,95;3322968;1781844;
25/07/2018 12:18:01;2568756;4363460;5510008;68,20;446536;2076432;11699020;114,97;3344308;1787524;
25/07/2018 12:20:01;2560784;4355940;5517980;68,30;446960;2069136;11712876;115,10;3359656;1780300;
25/07/2018 12:22:01;2548992;4354780;5529772;68,45;452396;2085544;11759640;115,56;3352444;1797476;
25/07/2018 12:24:01;2539232;4345364;5539532;68,57;452684;2079652;11720904;115,18;3367060;1791560;
25/07/2018 12:26:01;2549444;4361428;5529320;68,44;455788;2103072;11757080;115,54;3331900;1814760;
25/07/2018 12:28:01;2498328;4310724;5580436;69,08;456052;2103328;11772732;115,69;3381656;1815024;
25/07/2018 12:30:01;2498352;4311280;5580412;69,08;456556;2103640;11771424;115,68;3392880;1802484;
25/07/2018 12:32:01;2470200;4291856;5608564;69,42;460844;2111036;11821056;116,17;3413732;1809900;
25/07/2018 12:34:01;2467880;4289936;5610884;69,45;461092;2115944;11791156;115,87;3411516;1814800;
25/07/2018 12:36:01;2546524;4370712;5532240;68,48;463148;2039392;11704760;115,02;3409240;1738196;
25/07/2018 12:38:01;2576388;4400992;5502376;68,11;463484;2043696;11711296;115,09;3374852;1742408;
25/07/2018 12:40:01;2540940;4366896;5537824;68,55;463888;2038640;11733308;115,30;3424448;1737080;
25/07/2018 12:42:01;2362832;4202224;5715932;70,75;469764;2150252;11858808;116,54;3489624;1848096;
25/07/2018 12:44:01;2372876;4212768;5705888;70,63;470076;2146492;11831788;116,27;3480244;1844344;
25/07/2018 12:46:01;2343280;4193504;5735484;70,99;475012;2149668;11840756;116,36;3504016;1847920;
25/07/2018 12:48:01;2357268;4206632;5721496;70,82;475416;2146132;11840084;116,35;3492032;1844388;
25/07/2018 12:50:01;2366136;4216128;5712628;70,71;475748;2127396;11811200;116,07;3499508;1825664;
25/07/2018 12:52:01;2353508;4213984;5725256;70,87;480972;2144792;11857300;116,52;3493632;1843592;
25/07/2018 12:54:01;2347508;4208312;5731256;70,94;481272;2135352;11834392;116,30;3507672;1834136;
25/07/2018 12:56:01;2339652;4208676;5739112;71,04;485180;2104764;11973400;117,66;3557592;1803664;
25/07/2018 12:58:01;2305052;4174756;5773712;71,47;485764;2102532;11952500;117,46;3593280;1801444;
25/07/2018 13:00:01;2339964;4210296;5738800;71,04;486364;2102812;11930128;117,24;3554096;1801360;
25/07/2018 13:02:01;2317008;4197848;5761756;71,32;491604;2134388;11975980;117,69;3543344;1833340;
25/07/2018 13:04:01;2345196;4226352;5733568;70,97;491868;2108048;11927360;117,21;3539148;1806968;
25/07/2018 13:06:01;2312236;4204688;5766528;71,38;497548;2139604;11963876;117,57;3538028;1839220;
25/07/2018 13:08:01;2049564;4193168;6029200;74,63;640380;2154584;11942952;117,36;3694952;1842548;
25/07/2018 13:10:01;2050732;4194536;6028032;74,62;640612;2154572;11942668;117,36;3693668;1842564;
25/07/2018 13:12:01;2071484;4220056;6007280;74,36;643308;2118360;11940160;117,34;3708016;1806428;
25/07/2018 13:14:01;2081672;4230536;5997092;74,23;643580;2118408;11894348;116,89;3696288;1806476;
25/07/2018 13:16:01;2011928;4172900;6066836;75,10;649568;2187868;11966600;117,60;3697328;1876544;
25/07/2018 13:18:01;2006468;4167740;6072296;75,16;649828;2187932;11971948;117,65;3702044;1876600;
25/07/2018 13:20:01;2000840;4162364;6077924;75,23;650044;2187956;11957412;117,51;3707324;1876628;
25/07/2018 13:22:01;1991344;4162804;6087420;75,35;655124;2195740;11976560;117,70;3707684;1884640;
25/07/2018 13:24:01;1974456;4148384;6104308;75,56;655400;2198164;11972788;117,66;3722088;1885396;
25/07/2018 13:26:01;2121160;4309180;5957604;73,74;660428;2167160;11850996;116,46;3623420;1854500;
25/07/2018 13:28:01;2123216;4311964;5955548;73,72;660692;2165524;11766456;115,63;3621436;1851908;
25/07/2018 13:30:02;1715676;3927856;6363088;78,76;661896;2214700;12692088;124,73;3982716;1893164;
25/07/2018 13:32:01;1723192;3946648;6355572;78,67;667616;2211840;12770008;125,49;3973384;1889316;
25/07/2018 13:34:01;1703328;3933392;6375436;78,92;668536;2226596;12659488;124,41;3981860;1903752;
25/07/2018 13:36:01;1669176;3909628;6409588;79,34;673956;2234796;12667256;124,48;4003980;1912280;
25/07/2018 13:38:01;1635508;3882000;6443256;79,76;674804;2267328;12677948;124,59;4012296;1940436;
25/07/2018 13:40:01;1576552;3851520;6502212;80,49;675176;2295900;12747920;125,28;4043828;1968420;
25/07/2018 13:42:01;1427436;3714784;6651328;82,33;680984;2323324;13291996;130,62;4155428;1995956;
25/07/2018 13:44:01;1513676;3783588;6565088;81,26;681292;2280132;13001036;127,76;4119124;1953096;
25/07/2018 13:46:01;1242332;3547704;6836432;84,62;688152;2345448;13615340;133,80;4316572;2017872;
25/07/2018 13:48:01;1161320;3453720;6917444;85,63;689080;2310132;14121240;138,77;4421456;1982924;
25/07/2018 13:50:01;1147736;3457460;6931028;85,79;689780;2335292;14086280;138,43;4417684;2003956;
25/07/2018 13:52:01;1105592;3420540;6973172;86,31;696952;2353984;14169476;139,25;4436392;2026740;
25/07/2018 13:54:01;1080008;3408296;6998756;86,63;697376;2368036;14123016;138,79;4445400;2040716;
25/07/2018 13:56:01;1147924;3483352;6930840;85,79;701320;2331544;14055428;138,12;4409488;2004672;
25/07/2018 13:58:01;1131480;3467548;6947284;85,99;701664;2341164;14072584;138,29;4413936;2014268;
25/07/2018 14:00:01;1153496;3489988;6925268;85,72;702080;2321980;14035672;137,93;4409248;1995332;
25/07/2018 14:02:01;1314192;3661080;6764572;83,73;707040;2306140;13313632;130,83;4278204;1979268;
25/07/2018 14:04:01;1259720;3607360;6819044;84,41;707648;2310540;13513092;132,79;4325672;1983612;
