DATA;CPU;user;nice;system;iowait;steal;idle
23/07/2018 08:22:01;all;23,91;0,00;6,86;1,98;0,00;67,26
23/07/2018 08:24:01;all;24,93;0,00;7,09;0,21;0,00;67,77
23/07/2018 08:26:01;all;23,49;0,00;6,66;0,33;0,00;69,52
23/07/2018 08:28:01;all;20,85;0,00;6,51;1,21;0,00;71,43
23/07/2018 08:30:01;all;25,73;0,00;6,89;0,51;0,00;66,87
23/07/2018 08:32:01;all;24,61;0,00;6,85;0,38;0,00;68,16
23/07/2018 08:34:01;all;24,42;0,00;6,78;0,15;0,00;68,66
23/07/2018 08:36:01;all;23,35;0,00;6,61;0,35;0,00;69,69
23/07/2018 08:38:01;all;23,32;0,00;6,36;1,55;0,00;68,78
23/07/2018 08:40:01;all;9,28;0,00;2,12;2,54;0,00;86,05
23/07/2018 08:42:01;all;6,75;0,00;2,22;3,64;0,00;87,40
23/07/2018 08:44:01;all;6,76;0,00;2,12;1,62;0,00;89,50
23/07/2018 08:46:01;all;6,11;0,01;2,11;1,56;0,00;90,22
23/07/2018 08:48:01;all;8,39;0,01;2,48;1,39;0,00;87,73
23/07/2018 08:50:01;all;25,27;0,00;7,27;0,69;0,00;66,77
23/07/2018 08:52:01;all;24,58;0,00;7,07;0,53;0,00;67,81
23/07/2018 08:54:01;all;16,48;0,00;5,15;0,81;0,00;77,57
23/07/2018 08:56:01;all;25,81;0,00;6,99;0,70;0,00;66,50
23/07/2018 08:58:01;all;21,76;0,00;6,01;2,37;0,00;69,86
23/07/2018 09:00:01;all;27,55;0,00;7,23;1,44;0,00;63,78
23/07/2018 09:02:01;all;26,76;0,00;7,29;2,23;0,00;63,72
23/07/2018 09:04:01;all;25,29;0,00;6,99;1,33;0,00;66,39
23/07/2018 09:06:01;all;12,69;0,00;3,65;2,83;0,00;80,83
23/07/2018 09:08:01;all;19,05;0,03;5,26;1,86;0,00;73,79
23/07/2018 09:10:01;all;26,30;0,00;7,20;0,96;0,00;65,53
23/07/2018 09:12:01;all;26,04;0,00;7,08;1,34;0,00;65,53
23/07/2018 09:14:01;all;22,96;0,00;6,61;1,94;0,00;68,50
23/07/2018 09:16:01;all;26,14;0,00;6,86;1,20;0,00;65,79
23/07/2018 09:18:01;all;30,27;0,03;8,51;1,64;0,00;59,55
23/07/2018 09:20:02;all;21,65;0,07;6,30;2,50;0,00;69,48
23/07/2018 09:22:01;all;8,27;0,03;2,73;2,22;0,00;86,74
23/07/2018 09:24:01;all;7,24;0,00;1,96;1,22;0,00;89,58
23/07/2018 09:26:01;all;6,82;0,01;2,01;0,98;0,00;90,19
23/07/2018 09:28:01;all;7,32;0,00;2,18;0,97;0,00;89,53
23/07/2018 09:30:01;all;8,45;0,05;2,65;1,81;0,00;87,04
23/07/2018 09:32:01;all;7,63;0,00;2,53;2,70;0,00;87,13
23/07/2018 09:34:01;all;9,34;0,01;3,20;2,98;0,00;84,47
23/07/2018 09:36:01;all;25,42;0,00;7,10;0,46;0,00;67,03
23/07/2018 09:38:01;all;28,52;0,00;7,19;0,44;0,00;63,85
23/07/2018 09:40:01;all;25,54;0,00;7,05;0,19;0,00;67,21
23/07/2018 09:42:01;all;25,30;0,00;7,23;0,44;0,00;67,03
23/07/2018 09:44:01;all;25,48;0,00;7,05;0,17;0,00;67,30
23/07/2018 09:46:01;all;9,27;0,05;2,63;0,27;0,00;87,80
23/07/2018 09:48:01;all;8,31;0,00;2,18;0,69;0,00;88,82
23/07/2018 09:50:01;all;6,52;0,00;2,08;0,36;0,00;91,03
23/07/2018 09:52:01;all;13,06;0,00;4,28;1,11;0,00;81,54
23/07/2018 09:54:01;all;25,15;0,00;7,13;0,39;0,00;67,33
23/07/2018 09:56:01;all;25,39;0,00;7,19;0,35;0,00;67,07
23/07/2018 09:58:01;all;25,90;0,00;7,24;0,50;0,00;66,35
23/07/2018 10:00:01;all;25,61;0,00;6,75;0,74;0,00;66,89
23/07/2018 10:02:01;all;10,14;0,07;2,94;1,57;0,00;85,28
23/07/2018 10:04:01;all;23,58;0,00;6,06;1,21;0,00;69,15
23/07/2018 10:06:01;all;8,81;0,00;2,63;0,74;0,00;87,82
23/07/2018 10:08:01;all;35,20;0,00;8,69;1,71;0,00;54,40
23/07/2018 10:10:01;all;37,53;0,00;6,34;0,92;0,00;55,20
23/07/2018 10:12:01;all;34,60;0,00;8,06;1,51;0,00;55,83
23/07/2018 10:14:01;all;26,20;0,08;5,67;1,35;0,00;66,70
23/07/2018 10:16:01;all;15,16;0,04;3,89;1,17;0,00;79,74
23/07/2018 10:18:01;all;4,48;0,00;1,67;1,70;0,00;92,15
23/07/2018 10:20:01;all;13,43;0,01;4,17;1,39;0,00;81,00
23/07/2018 10:22:01;all;21,03;0,03;5,83;3,11;0,00;70,00
23/07/2018 10:24:01;all;10,41;0,06;3,35;3,45;0,00;82,73
23/07/2018 10:26:01;all;9,25;0,03;3,17;4,24;0,00;83,31
23/07/2018 10:28:01;all;9,96;0,06;3,48;4,40;0,00;82,10
23/07/2018 10:30:01;all;7,84;0,02;2,85;1,58;0,00;87,72
23/07/2018 10:32:01;all;5,46;0,00;1,91;0,91;0,00;91,72
23/07/2018 10:34:01;all;9,35;0,04;3,23;2,62;0,00;84,76
23/07/2018 10:36:02;all;8,60;0,04;3,04;2,56;0,00;85,76
23/07/2018 10:38:01;all;11,41;0,07;3,86;4,51;0,00;80,15
23/07/2018 10:40:01;all;11,37;0,03;3,78;6,49;0,00;78,32
23/07/2018 10:42:01;all;9,52;0,01;3,22;4,18;0,00;83,07
23/07/2018 10:44:01;all;4,19;0,00;1,55;1,40;0,00;92,86
23/07/2018 10:46:01;all;6,78;0,01;2,39;2,91;0,00;87,92
23/07/2018 10:48:01;all;13,47;0,00;4,23;3,93;0,00;78,36
23/07/2018 10:50:01;all;17,08;0,00;5,21;4,17;0,00;73,53
23/07/2018 10:52:01;all;19,91;0,00;5,18;1,52;0,00;73,39
23/07/2018 10:54:01;all;9,97;0,04;3,14;1,31;0,00;85,53
23/07/2018 10:56:01;all;8,85;0,01;2,96;5,00;0,00;83,18
23/07/2018 10:58:01;all;8,30;0,03;3,06;2,54;0,00;86,07
23/07/2018 11:00:01;all;10,85;0,01;3,13;2,94;0,00;83,07
23/07/2018 11:02:01;all;10,47;0,02;3,58;3,30;0,00;82,62
23/07/2018 11:04:01;all;6,16;0,01;2,33;2,20;0,00;89,29
23/07/2018 11:06:01;all;6,92;0,00;2,26;2,01;0,00;88,81
23/07/2018 11:08:01;all;7,93;0,01;2,69;4,20;0,00;85,17
23/07/2018 11:10:01;all;5,75;0,01;1,94;1,58;0,00;90,72
23/07/2018 11:12:01;all;5,95;0,00;2,14;3,00;0,00;88,91
23/07/2018 11:14:01;all;6,80;0,01;2,41;2,34;0,00;88,44
23/07/2018 11:16:01;all;8,36;0,01;2,83;2,99;0,00;85,80
23/07/2018 11:18:01;all;5,95;0,00;2,04;2,15;0,00;89,85
23/07/2018 11:20:01;all;6,91;0,01;2,42;3,05;0,00;87,61
23/07/2018 11:22:01;all;11,25;0,04;3,58;2,74;0,00;82,39
23/07/2018 11:24:01;all;8,39;0,01;2,71;4,17;0,00;84,71
23/07/2018 11:26:01;all;7,80;0,00;2,47;3,43;0,00;86,30
23/07/2018 11:28:01;all;7,81;0,01;2,53;2,25;0,00;87,40
23/07/2018 11:30:01;all;5,95;0,00;1,94;1,19;0,00;90,92
23/07/2018 11:32:01;all;7,55;0,01;2,65;3,30;0,00;86,50
23/07/2018 11:34:01;all;10,08;0,00;3,19;3,47;0,00;83,26
23/07/2018 11:36:01;all;28,55;0,04;7,08;3,04;0,00;61,29
23/07/2018 11:38:01;all;29,81;0,00;7,37;1,46;0,00;61,36
23/07/2018 11:40:01;all;9,71;0,00;3,25;3,18;0,00;83,85
23/07/2018 11:42:01;all;7,45;0,01;2,49;3,07;0,00;86,98
23/07/2018 11:44:01;all;30,79;0,01;7,87;1,64;0,00;59,69
23/07/2018 11:46:01;all;9,81;0,01;2,97;2,48;0,00;84,73
23/07/2018 11:48:01;all;8,01;0,01;2,64;2,58;0,00;86,76
23/07/2018 11:50:01;all;21,82;0,02;6,58;1,69;0,00;69,90
23/07/2018 11:52:01;all;31,26;0,00;7,51;1,04;0,00;60,19
23/07/2018 11:54:02;all;17,01;0,03;4,61;6,74;0,00;71,62
23/07/2018 11:56:02;all;12,41;0,00;3,59;3,43;0,00;80,57
23/07/2018 11:58:01;all;27,95;0,01;8,00;1,57;0,00;62,46
23/07/2018 12:00:01;all;29,29;0,00;7,63;1,49;0,00;61,58
23/07/2018 12:02:01;all;10,17;0,00;3,13;1,60;0,00;85,10
23/07/2018 12:04:01;all;6,05;0,00;2,14;2,41;0,00;89,40
23/07/2018 12:06:01;all;4,78;0,00;1,65;1,72;0,00;91,84
23/07/2018 12:08:01;all;4,59;0,00;1,63;1,15;0,00;92,63
23/07/2018 12:10:01;all;4,58;0,00;1,60;1,59;0,00;92,23
23/07/2018 12:12:01;all;5,00;0,00;1,62;2,55;0,00;90,84
23/07/2018 12:14:01;all;4,56;0,00;1,50;1,08;0,00;92,87
23/07/2018 12:16:01;all;4,65;0,00;1,58;1,21;0,00;92,55
23/07/2018 12:18:01;all;4,80;0,00;1,62;2,09;0,00;91,49
23/07/2018 12:20:01;all;5,04;0,00;1,78;1,51;0,00;91,67
23/07/2018 12:22:01;all;7,34;0,00;2,22;2,49;0,00;87,95
23/07/2018 12:24:01;all;6,00;0,00;1,96;2,06;0,00;89,98
23/07/2018 12:26:01;all;9,39;0,01;2,96;1,46;0,00;86,17
23/07/2018 12:28:01;all;21,81;0,00;5,58;3,61;0,00;69,00
23/07/2018 12:30:01;all;14,74;0,00;3,99;1,65;0,00;79,62
23/07/2018 12:32:01;all;5,06;0,00;1,71;1,50;0,00;91,74
23/07/2018 12:34:01;all;5,51;0,00;2,38;5,16;0,00;86,96
23/07/2018 12:36:01;all;20,56;0,01;6,02;2,84;0,00;70,58
23/07/2018 12:38:01;all;28,00;0,00;7,89;1,80;0,00;62,30
23/07/2018 12:40:01;all;12,72;0,00;3,79;1,53;0,00;81,96
23/07/2018 12:42:01;all;9,90;0,04;2,86;3,86;0,00;83,35
23/07/2018 12:44:01;all;5,76;0,01;1,98;1,09;0,00;91,16
23/07/2018 12:46:01;all;17,25;0,04;5,07;4,74;0,00;72,89
23/07/2018 12:48:01;all;30,82;0,00;7,96;1,39;0,00;59,84
23/07/2018 12:50:01;all;8,41;0,00;2,71;2,93;0,00;85,94
23/07/2018 12:52:01;all;6,98;0,01;2,53;3,21;0,00;87,28
23/07/2018 12:54:01;all;31,14;0,00;8,51;1,09;0,00;59,26
23/07/2018 12:56:01;all;25,13;0,01;6,78;0,69;0,00;67,39
23/07/2018 12:58:01;all;5,71;0,00;2,05;1,07;0,00;91,16
23/07/2018 13:00:01;all;5,53;0,01;1,93;1,19;0,00;91,34
23/07/2018 13:02:01;all;4,70;0,00;1,58;1,01;0,00;92,70
23/07/2018 13:04:01;all;4,76;0,00;1,65;0,28;0,00;93,30
23/07/2018 13:06:01;all;6,84;0,01;2,38;1,49;0,00;89,27
23/07/2018 13:08:02;all;6,66;0,00;2,29;1,68;0,00;89,36
23/07/2018 13:10:01;all;10,16;0,00;3,28;0,61;0,00;85,95
23/07/2018 13:12:01;all;19,48;0,00;5,01;2,40;0,00;73,11
23/07/2018 13:14:01;all;6,76;0,01;2,26;1,74;0,00;89,24
23/07/2018 13:16:01;all;6,58;0,00;2,22;0,61;0,00;90,58
23/07/2018 13:18:01;all;6,28;0,01;2,30;1,24;0,00;90,17
23/07/2018 13:20:01;all;8,74;0,01;2,73;2,92;0,00;85,60
23/07/2018 13:22:01;all;16,56;0,03;4,82;7,84;0,00;70,75
23/07/2018 13:24:01;all;8,61;0,00;2,75;1,70;0,00;86,94
23/07/2018 13:26:01;all;18,16;0,00;5,20;0,76;0,00;75,87
23/07/2018 13:28:01;all;10,87;0,00;3,33;2,37;0,00;83,42
23/07/2018 13:30:01;all;23,45;0,00;6,74;1,31;0,00;68,51
23/07/2018 13:32:01;all;23,16;0,00;6,79;0,56;0,00;69,48
23/07/2018 13:34:01;all;26,75;0,00;6,91;0,86;0,00;65,48
23/07/2018 13:36:01;all;25,98;0,00;6,88;0,38;0,00;66,76
23/07/2018 13:38:01;all;26,04;0,00;6,91;0,98;0,00;66,07
23/07/2018 13:40:01;all;19,55;0,03;4,83;3,57;0,00;72,02
23/07/2018 13:42:01;all;11,26;0,00;3,72;1,00;0,00;84,02
23/07/2018 13:44:01;all;28,51;0,00;8,10;0,34;0,00;63,06
23/07/2018 13:46:01;all;30,82;0,00;8,36;0,63;0,00;60,19
23/07/2018 13:48:01;all;23,60;0,00;6,27;0,74;0,00;69,38
23/07/2018 13:50:01;all;7,07;0,01;2,41;0,80;0,00;89,71
23/07/2018 13:52:01;all;6,65;0,00;2,13;0,95;0,00;90,27
23/07/2018 13:54:01;all;5,04;0,00;1,56;0,28;0,00;93,12
23/07/2018 13:56:01;all;4,99;0,00;1,58;0,50;0,00;92,92
23/07/2018 13:58:01;all;4,91;0,00;1,55;0,67;0,00;92,87
23/07/2018 14:00:01;all;5,03;0,01;1,72;1,11;0,00;92,12
23/07/2018 14:02:01;all;4,99;0,00;1,53;0,78;0,00;92,70
23/07/2018 14:04:01;all;5,11;0,00;1,71;0,30;0,00;92,88
23/07/2018 14:06:01;all;14,90;0,13;3,94;5,15;0,00;75,87
23/07/2018 14:08:01;all;21,87;0,02;6,44;4,47;0,00;67,20
23/07/2018 14:10:01;all;26,88;0,00;7,89;0,82;0,00;64,41
23/07/2018 14:12:01;all;20,05;0,00;5,78;1,32;0,00;72,85
23/07/2018 14:14:01;all;4,03;0,00;1,27;0,24;0,00;94,46
23/07/2018 14:16:01;all;4,17;0,00;1,32;0,34;0,00;94,18
23/07/2018 14:18:01;all;3,95;0,00;1,38;0,57;0,00;94,09
23/07/2018 14:20:01;all;21,87;0,00;6,12;0,49;0,00;71,53
23/07/2018 14:22:01;all;16,83;0,01;5,08;3,59;0,00;74,49
23/07/2018 14:24:01;all;28,66;0,05;6,30;3,15;0,00;61,84
23/07/2018 14:26:01;all;22,56;0,00;6,28;1,07;0,00;70,09
23/07/2018 14:28:01;all;20,22;0,01;6,34;1,32;0,00;72,10
23/07/2018 14:30:01;all;16,96;0,00;5,39;0,46;0,00;77,20
23/07/2018 14:32:02;all;23,12;0,00;6,93;2,31;0,00;67,64
23/07/2018 14:34:01;all;22,74;0,00;6,52;1,06;0,00;69,68
23/07/2018 14:36:01;all;22,24;0,00;6,66;1,51;0,00;69,59
23/07/2018 15:50:01;all;0,00;0,00;0,00;0,00;0,00;0,00
23/07/2018 15:52:01;all;10,24;0,03;3,31;5,27;0,00;81,16
23/07/2018 15:54:01;all;6,21;0,01;1,95;3,37;0,00;88,45
23/07/2018 15:56:01;all;4,93;0,00;1,54;1,72;0,00;91,82
23/07/2018 15:58:01;all;10,35;0,03;2,81;4,64;0,00;82,17
23/07/2018 16:00:01;all;9,02;0,01;2,51;5,43;0,00;83,03
23/07/2018 16:02:01;all;19,55;0,02;5,50;2,35;0,00;72,59
23/07/2018 16:04:01;all;23,41;0,00;5,32;2,07;0,00;69,20
23/07/2018 16:06:01;all;32,06;0,00;7,41;2,39;0,00;58,14
23/07/2018 16:08:01;all;20,08;0,01;5,48;6,96;0,00;67,47
23/07/2018 16:10:01;all;15,29;0,01;4,38;2,89;0,00;77,43
23/07/2018 16:12:01;all;30,53;0,00;7,50;1,32;0,00;60,65
23/07/2018 16:14:01;all;24,12;0,01;6,10;3,36;0,00;66,41
23/07/2018 16:16:01;all;30,57;0,00;7,88;1,74;0,00;59,81
23/07/2018 16:18:01;all;32,94;0,00;7,66;1,47;0,00;57,93
23/07/2018 16:20:01;all;27,31;0,00;7,27;4,49;0,00;60,93
23/07/2018 16:22:01;all;24,37;0,00;6,03;1,36;0,00;68,24
23/07/2018 16:24:02;all;32,70;0,00;7,71;1,09;0,00;58,50
23/07/2018 16:26:01;all;32,97;0,00;8,03;2,14;0,00;56,86
23/07/2018 16:28:01;all;33,46;0,00;7,70;1,67;0,00;57,18
23/07/2018 16:30:01;all;14,58;0,02;3,88;2,48;0,00;79,04
23/07/2018 16:32:01;all;7,30;0,00;2,07;2,89;0,00;87,74
23/07/2018 16:34:01;all;7,66;0,00;2,17;1,25;0,00;88,92
23/07/2018 16:36:01;all;15,09;0,00;4,16;3,36;0,00;77,39
23/07/2018 16:38:01;all;12,44;0,00;4,08;1,69;0,00;81,79
23/07/2018 16:40:01;all;12,16;0,02;4,06;2,06;0,00;81,71
23/07/2018 16:42:01;all;7,88;0,01;2,74;3,31;0,00;86,06
23/07/2018 16:44:01;all;7,18;0,00;2,26;1,73;0,00;88,84
23/07/2018 16:46:01;all;12,13;0,11;3,91;3,51;0,00;80,34
23/07/2018 16:48:01;all;10,34;0,01;3,51;2,00;0,00;84,14
23/07/2018 16:50:01;all;13,19;0,00;4,34;3,96;0,00;78,50
23/07/2018 16:52:01;all;9,17;0,00;2,83;2,61;0,00;85,39
23/07/2018 16:54:01;all;12,05;0,00;3,70;2,27;0,00;81,98
23/07/2018 16:56:01;all;7,32;0,01;2,55;2,81;0,00;87,32
23/07/2018 16:58:01;all;12,93;0,03;4,32;3,50;0,00;79,23
23/07/2018 17:00:02;all;35,61;0,02;8,36;4,43;0,00;51,58
23/07/2018 17:02:01;all;32,19;0,00;8,27;1,06;0,00;58,47
23/07/2018 17:04:01;all;30,57;0,00;7,62;1,42;0,00;60,39
23/07/2018 17:06:01;all;31,59;0,03;7,33;3,09;0,00;57,96
23/07/2018 17:08:01;all;21,59;0,01;5,24;2,28;0,00;70,88
23/07/2018 17:10:01;all;7,53;0,02;2,42;2,96;0,00;87,07
23/07/2018 17:12:01;all;5,87;0,00;1,78;2,01;0,00;90,33
23/07/2018 17:14:01;all;5,65;0,00;1,95;1,52;0,00;90,87
23/07/2018 17:16:01;all;5,70;0,00;1,87;1,55;0,00;90,88
23/07/2018 17:18:01;all;6,81;0,00;2,33;2,43;0,00;88,43
23/07/2018 17:20:01;all;13,79;0,04;4,15;2,82;0,00;79,21
23/07/2018 17:22:01;all;34,56;0,00;8,77;1,00;0,00;55,67
23/07/2018 17:24:01;all;34,02;0,00;8,70;1,04;0,00;56,23
23/07/2018 17:26:01;all;23,78;0,00;5,95;1,95;0,00;68,32
23/07/2018 18:04:01;all;0,00;0,00;0,00;0,00;0,00;0,00
23/07/2018 18:06:01;all;3,98;0,01;19,69;0,96;0,00;75,36
23/07/2018 18:08:01;all;3,06;0,00;15,02;0,73;0,00;81,18
23/07/2018 18:10:01;all;2,12;0,00;15,98;0,36;0,00;81,55
23/07/2018 18:12:01;all;1,50;0,00;20,34;0,48;0,00;77,67
23/07/2018 18:14:01;all;2,90;0,00;21,05;0,55;0,00;75,50
23/07/2018 18:16:01;all;4,01;0,00;16,76;0,86;0,00;78,37
23/07/2018 18:18:01;all;3,92;0,00;1,18;5,11;0,00;89,79
23/07/2018 18:20:02;all;1,98;0,00;0,75;0,51;0,00;96,76
23/07/2018 18:22:01;all;12,78;0,02;1,63;3,85;0,00;81,73
23/07/2018 18:24:01;all;12,92;0,01;4,55;12,71;0,00;69,81
23/07/2018 18:26:01;all;20,41;0,01;2,70;6,21;0,00;70,67
23/07/2018 18:28:01;all;6,29;0,00;2,16;2,34;0,00;89,21
23/07/2018 18:30:01;all;4,58;0,00;1,58;0,85;0,00;92,99
23/07/2018 18:32:01;all;3,87;0,00;1,54;1,45;0,00;93,14
23/07/2018 18:34:01;all;4,00;0,00;1,61;1,37;0,00;93,02
23/07/2018 18:36:01;all;3,57;0,00;1,44;1,39;0,00;93,60
23/07/2018 18:38:01;all;11,58;0,02;2,75;8,07;0,00;77,58
23/07/2018 18:40:01;all;3,66;0,38;1,22;2,36;0,00;92,38
23/07/2018 18:42:01;all;2,19;0,00;0,72;2,39;0,00;94,70
23/07/2018 18:44:01;all;4,48;0,00;1,07;2,06;0,00;92,38
23/07/2018 18:46:01;all;2,35;0,00;0,72;1,56;0,00;95,36
23/07/2018 18:48:01;all;2,49;0,00;0,85;1,57;0,00;95,09
23/07/2018 18:50:01;all;5,13;0,00;1,70;2,75;0,00;90,42
23/07/2018 18:52:01;all;9,49;0,01;2,84;7,15;0,00;80,51
23/07/2018 18:54:01;all;9,45;0,01;2,98;6,47;0,00;81,09
23/07/2018 18:56:01;all;8,62;0,01;2,75;6,39;0,00;82,22
23/07/2018 18:58:01;all;12,39;0,00;3,14;5,80;0,00;78,67
23/07/2018 19:00:01;all;10,21;0,00;2,89;3,68;0,00;83,21
23/07/2018 19:02:01;all;6,08;0,00;1,98;3,01;0,00;88,93
23/07/2018 19:04:01;all;6,83;0,01;2,24;3,78;0,00;87,14
23/07/2018 19:06:01;all;15,84;0,06;4,28;8,57;0,00;71,25
23/07/2018 19:08:01;all;10,25;0,03;3,25;5,38;0,00;81,10
23/07/2018 19:10:02;all;8,65;0,02;2,75;3,64;0,00;84,94
23/07/2018 19:12:01;all;13,73;0,06;4,12;4,31;0,00;77,77
23/07/2018 19:14:01;all;15,37;0,11;4,07;7,16;0,00;73,28
23/07/2018 19:16:01;all;8,11;0,00;1,54;3,56;0,00;86,79
23/07/2018 19:18:01;all;1,30;0,00;0,39;2,91;0,00;95,40
23/07/2018 19:20:01;all;1,47;0,00;0,47;0,97;0,00;97,09
23/07/2018 19:22:01;all;10,13;0,12;2,87;3,48;0,00;83,40
23/07/2018 19:24:01;all;7,93;0,13;2,10;0,60;0,00;89,25
23/07/2018 19:26:01;all;12,82;0,15;3,17;1,25;0,00;82,62
23/07/2018 19:28:01;all;17,56;0,03;3,44;5,02;0,00;73,95
23/07/2018 19:30:01;all;28,73;0,06;4,66;1,14;0,00;65,41
23/07/2018 19:32:01;all;17,84;0,10;4,17;7,35;0,00;70,54
23/07/2018 19:52:01;all;0,00;0,00;0,00;0,00;0,00;0,00
23/07/2018 20:34:01;all;69,58;0,00;18,26;0,00;0,00;16,85
23/07/2018 20:36:01;all;19,43;0,02;3,72;10,24;0,00;66,58
23/07/2018 21:22:42;all;0,00;0,00;0,00;0,00;0,00;0,00
23/07/2018 21:24:01;all;23,52;0,06;4,70;5,76;0,00;65,97
23/07/2018 21:26:01;all;31,30;0,25;7,15;2,48;0,00;58,82
23/07/2018 21:28:01;all;15,99;0,02;3,16;3,16;0,00;77,67
23/07/2018 21:30:01;all;14,99;0,00;2,87;2,11;0,00;80,03
23/07/2018 21:32:01;all;15,72;0,05;3,33;2,31;0,00;78,58
23/07/2018 21:34:01;all;11,61;0,05;2,96;7,51;0,00;77,87
23/07/2018 21:36:01;all;6,14;0,04;1,49;2,14;0,00;90,20
23/07/2018 21:38:01;all;6,37;0,03;1,52;3,10;0,00;88,97
23/07/2018 21:40:01;all;8,65;0,04;2,43;3,12;0,00;85,76
23/07/2018 21:42:01;all;6,92;0,01;2,51;3,00;0,00;87,55
23/07/2018 21:44:01;all;8,47;0,02;2,80;3,11;0,00;85,60
23/07/2018 21:46:01;all;7,82;0,02;2,83;2,60;0,00;86,72
23/07/2018 21:48:01;all;9,35;0,05;3,29;3,24;0,00;84,06
23/07/2018 21:50:01;all;21,65;0,01;5,22;4,31;0,00;68,82
24/07/2018 10:42:01;all;18,33;0,47;4,44;59,13;0,00;17,64
24/07/2018 10:44:01;all;30,87;0,09;6,32;7,18;0,00;55,54
24/07/2018 10:46:01;all;22,05;0,15;4,25;2,37;0,00;71,18
24/07/2018 10:48:01;all;23,52;0,18;4,99;3,52;0,00;67,79
24/07/2018 10:50:01;all;23,07;0,17;4,78;2,18;0,00;69,79
24/07/2018 10:52:01;all;26,97;0,05;5,97;2,52;0,00;64,49
24/07/2018 10:54:01;all;22,48;0,17;4,79;3,34;0,00;69,21
24/07/2018 10:56:01;all;14,61;0,10;3,63;8,07;0,00;73,59
24/07/2018 10:58:01;all;24,08;0,08;5,73;9,96;0,00;60,16
24/07/2018 11:00:01;all;20,25;0,12;4,73;8,03;0,00;66,87
24/07/2018 11:02:01;all;18,93;0,12;4,82;4,68;0,00;71,46
24/07/2018 11:04:01;all;10,45;0,12;2,52;4,53;0,00;82,39
24/07/2018 11:06:01;all;29,99;0,08;6,96;5,92;0,00;57,05
24/07/2018 11:08:01;all;19,51;0,06;4,63;9,72;0,00;66,08
24/07/2018 11:10:01;all;13,10;0,01;4,03;6,77;0,00;76,08
24/07/2018 11:12:01;all;25,24;0,06;5,23;5,19;0,00;64,28
24/07/2018 11:14:01;all;37,36;0,22;7,93;4,28;0,00;50,21
24/07/2018 11:16:01;all;54,75;0,04;7,84;3,91;0,00;33,46
24/07/2018 11:18:01;all;48,92;0,11;6,42;7,58;0,00;36,97
24/07/2018 11:20:01;all;34,91;0,04;3,64;6,99;0,00;54,42
24/07/2018 11:22:01;all;20,04;0,14;4,53;7,86;0,00;67,43
24/07/2018 11:24:01;all;25,50;0,00;6,31;9,29;0,00;58,90
24/07/2018 11:26:01;all;28,84;0,02;6,11;10,92;0,00;54,12
24/07/2018 11:28:01;all;5,64;0,01;1,32;5,04;0,00;87,99
24/07/2018 11:30:01;all;18,90;0,17;3,96;4,37;0,00;72,60
24/07/2018 11:32:01;all;9,55;0,02;2,98;4,48;0,00;82,96
24/07/2018 11:34:01;all;9,61;0,01;2,67;3,72;0,00;83,99
24/07/2018 11:36:01;all;14,30;0,05;4,18;4,80;0,00;76,67
24/07/2018 11:38:01;all;19,55;0,06;5,20;4,84;0,00;70,35
24/07/2018 11:40:01;all;15,39;0,05;4,13;4,70;0,00;75,73
24/07/2018 11:42:01;all;25,89;0,17;5,53;5,33;0,00;63,08
24/07/2018 11:44:01;all;19,40;0,07;4,67;3,56;0,00;72,30
24/07/2018 11:46:01;all;15,64;0,10;4,46;3,17;0,00;76,63
24/07/2018 11:48:01;all;19,24;0,01;5,06;6,84;0,00;68,85
24/07/2018 11:50:01;all;15,72;0,03;4,14;5,25;0,00;74,85
24/07/2018 11:52:01;all;8,52;0,01;2,12;2,30;0,00;87,05
24/07/2018 11:54:01;all;7,93;0,00;2,21;0,93;0,00;88,93
24/07/2018 11:56:01;all;8,63;0,00;2,28;1,46;0,00;87,63
24/07/2018 11:58:01;all;9,50;0,00;2,69;1,66;0,00;86,15
24/07/2018 12:00:01;all;9,75;0,01;2,89;1,39;0,00;85,97
24/07/2018 12:02:01;all;5,07;0,00;1,55;2,13;0,00;91,25
24/07/2018 12:04:01;all;2,69;0,00;1,06;1,46;0,00;94,79
24/07/2018 12:06:01;all;2,33;0,00;1,02;1,88;0,00;94,77
24/07/2018 12:08:01;all;3,51;0,00;1,27;1,31;0,00;93,91
24/07/2018 12:10:01;all;12,50;0,03;3,71;2,78;0,00;80,99
24/07/2018 12:12:01;all;25,94;0,14;6,09;2,15;0,00;65,68
24/07/2018 12:14:01;all;20,13;0,16;3,69;2,25;0,00;73,77
24/07/2018 12:16:01;all;22,77;0,18;4,41;1,28;0,00;71,37
24/07/2018 12:18:01;all;17,91;0,00;4,22;0,78;0,00;77,09
24/07/2018 12:20:01;all;17,86;0,00;4,30;0,54;0,00;77,30
24/07/2018 12:22:01;all;18,42;0,00;4,28;0,92;0,00;76,38
24/07/2018 12:24:01;all;17,76;0,00;4,16;0,91;0,00;77,17
24/07/2018 12:26:01;all;17,53;0,00;4,21;0,44;0,00;77,81
24/07/2018 12:28:01;all;18,41;0,00;4,30;0,73;0,00;76,56
24/07/2018 12:30:02;all;17,82;0,00;4,12;0,91;0,00;77,15
24/07/2018 12:32:01;all;18,16;0,00;4,34;0,50;0,00;77,00
24/07/2018 12:34:01;all;17,65;0,00;4,24;0,34;0,00;77,77
24/07/2018 12:36:01;all;17,94;0,00;4,21;1,00;0,00;76,85
24/07/2018 12:38:01;all;12,83;0,00;2,54;1,31;0,00;83,32
24/07/2018 12:40:01;all;12,44;0,00;2,46;0,60;0,00;84,50
24/07/2018 12:42:01;all;13,19;0,00;2,59;1,62;0,00;82,61
24/07/2018 12:44:01;all;13,33;0,03;3,48;4,73;0,00;78,43
24/07/2018 12:46:01;all;5,63;0,06;1,83;1,48;0,00;91,00
24/07/2018 12:48:01;all;13,06;0,00;3,45;0,48;0,00;83,01
24/07/2018 12:50:01;all;20,44;0,00;5,12;0,58;0,00;73,87
24/07/2018 12:52:01;all;25,93;0,00;6,45;0,58;0,00;67,04
24/07/2018 12:54:01;all;24,92;0,00;6,09;0,36;0,00;68,63
24/07/2018 12:56:01;all;25,12;0,00;6,21;0,33;0,00;68,35
24/07/2018 12:58:01;all;25,41;0,00;6,42;0,50;0,00;67,67
24/07/2018 13:00:01;all;25,05;0,00;6,17;0,77;0,00;68,02
24/07/2018 13:02:01;all;12,61;0,01;3,61;3,35;0,00;80,42
24/07/2018 13:04:01;all;5,17;0,00;1,81;1,18;0,00;91,84
24/07/2018 13:06:01;all;3,79;0,00;1,38;0,74;0,00;94,10
24/07/2018 13:08:01;all;4,55;0,00;2,10;6,02;0,00;87,33
24/07/2018 13:10:01;all;4,25;0,00;1,53;1,74;0,00;92,49
24/07/2018 13:12:01;all;6,10;0,00;2,90;1,30;0,00;89,70
24/07/2018 13:14:01;all;4,86;0,00;1,99;2,56;0,00;90,58
24/07/2018 13:16:01;all;4,35;0,00;1,74;1,50;0,00;92,41
24/07/2018 13:18:01;all;5,53;0,00;2,57;1,66;0,00;90,25
24/07/2018 13:20:01;all;3,51;0,00;1,21;1,39;0,00;93,90
24/07/2018 13:22:01;all;4,35;0,00;1,50;0,97;0,00;93,19
24/07/2018 13:24:01;all;4,52;0,00;1,55;0,45;0,00;93,48
24/07/2018 13:26:01;all;4,48;0,00;1,54;0,44;0,00;93,54
24/07/2018 13:28:01;all;5,46;0,00;1,78;1,94;0,00;90,82
24/07/2018 13:30:01;all;4,67;0,00;1,48;0,68;0,00;93,17
24/07/2018 13:32:01;all;4,63;0,00;1,55;0,53;0,00;93,28
24/07/2018 13:34:01;all;5,20;0,00;2,49;3,84;0,00;88,47
24/07/2018 13:36:01;all;4,71;0,00;2,09;0,70;0,00;92,50
24/07/2018 13:38:01;all;5,18;0,00;2,06;0,64;0,00;92,12
24/07/2018 13:40:01;all;4,27;0,00;1,61;0,31;0,00;93,80
24/07/2018 13:42:01;all;4,60;0,00;1,59;0,84;0,00;92,96
24/07/2018 13:44:01;all;4,51;0,00;1,43;0,52;0,00;93,53
24/07/2018 13:46:01;all;4,19;0,00;1,47;0,34;0,00;93,99
24/07/2018 13:48:01;all;5,49;0,00;1,84;1,00;0,00;91,68
24/07/2018 13:50:01;all;4,53;0,00;1,60;0,36;0,00;93,51
24/07/2018 13:52:01;all;3,93;0,00;1,40;0,63;0,00;94,04
24/07/2018 13:54:01;all;4,03;0,00;1,43;0,38;0,00;94,17
24/07/2018 13:56:01;all;5,42;0,01;1,91;0,56;0,00;92,10
24/07/2018 13:58:01;all;10,55;0,02;3,15;3,13;0,00;83,14
24/07/2018 14:00:01;all;27,34;0,04;4,19;4,10;0,00;64,33
24/07/2018 14:02:01;all;25,49;0,01;6,10;3,28;0,00;65,13
24/07/2018 14:04:02;all;18,56;0,00;4,86;0,95;0,00;75,62
24/07/2018 14:06:01;all;17,64;0,01;4,69;1,53;0,00;76,13
24/07/2018 14:08:01;all;25,36;0,00;6,65;0,62;0,00;67,37
24/07/2018 14:10:01;all;4,71;0,00;1,48;0,89;0,00;92,93
24/07/2018 14:12:01;all;4,66;0,00;1,71;0,61;0,00;93,02
24/07/2018 14:14:01;all;4,17;0,00;1,49;1,00;0,00;93,35
24/07/2018 14:16:01;all;5,86;0,00;1,95;0,71;0,00;91,47
24/07/2018 14:18:01;all;28,12;0,00;7,47;0,51;0,00;63,91
24/07/2018 14:20:01;all;25,62;0,00;7,04;0,49;0,00;66,84
24/07/2018 14:22:01;all;6,54;0,00;2,09;2,81;0,00;88,55
24/07/2018 14:24:01;all;6,48;0,00;2,20;1,69;0,00;89,63
24/07/2018 14:26:01;all;6,84;0,00;1,64;0,41;0,00;91,11
24/07/2018 14:28:01;all;5,44;0,00;1,69;1,19;0,00;91,69
24/07/2018 14:30:01;all;7,53;0,01;2,12;1,33;0,00;89,02
24/07/2018 14:32:01;all;6,80;0,01;1,05;1,49;0,00;90,66
24/07/2018 14:34:01;all;11,46;0,01;2,21;0,92;0,00;85,41
24/07/2018 14:36:01;all;4,99;0,01;1,28;1,92;0,00;91,79
24/07/2018 14:38:01;all;5,03;0,00;1,43;3,03;0,00;90,51
24/07/2018 14:40:01;all;3,71;0,00;1,17;0,77;0,00;94,35
24/07/2018 14:42:01;all;3,28;0,00;1,10;1,63;0,00;93,99
24/07/2018 14:44:01;all;2,87;0,00;0,98;0,43;0,00;95,72
24/07/2018 14:46:01;all;3,52;0,00;1,14;0,79;0,00;94,55
24/07/2018 14:48:01;all;3,39;0,00;1,12;0,77;0,00;94,71
24/07/2018 14:50:01;all;2,63;0,00;0,97;0,55;0,00;95,86
24/07/2018 14:52:01;all;3,71;0,00;1,29;1,51;0,00;93,50
24/07/2018 14:54:01;all;3,08;0,00;1,09;0,74;0,00;95,09
24/07/2018 14:56:01;all;2,89;0,00;1,00;0,73;0,00;95,38
24/07/2018 14:58:01;all;3,48;0,00;1,17;0,55;0,00;94,79
24/07/2018 15:00:01;all;3,97;0,00;1,22;1,33;0,00;93,48
24/07/2018 15:02:01;all;8,42;0,01;1,59;1,85;0,00;88,13
24/07/2018 15:04:01;all;8,44;0,00;1,37;1,04;0,00;89,15
24/07/2018 15:06:01;all;8,28;0,00;1,40;0,59;0,00;89,73
24/07/2018 15:08:01;all;8,48;0,01;2,00;2,48;0,00;87,03
24/07/2018 15:10:01;all;3,77;0,00;1,07;0,60;0,00;94,57
24/07/2018 15:12:01;all;3,11;0,00;1,15;0,59;0,00;95,15
24/07/2018 15:14:01;all;3,60;0,00;1,16;0,85;0,00;94,40
24/07/2018 15:16:01;all;4,90;0,00;1,55;0,51;0,00;93,04
24/07/2018 15:18:01;all;5,23;0,00;1,55;0,76;0,00;92,45
24/07/2018 15:20:01;all;5,07;0,01;1,67;1,00;0,00;92,25
24/07/2018 15:22:01;all;32,04;0,00;8,84;0,64;0,00;58,47
24/07/2018 15:24:01;all;29,72;0,00;7,82;0,38;0,00;62,07
24/07/2018 15:26:01;all;5,27;0,00;1,87;0,79;0,00;92,06
24/07/2018 15:28:01;all;6,17;0,00;1,99;1,31;0,00;90,52
24/07/2018 15:30:01;all;21,90;0,01;6,37;0,81;0,00;70,91
24/07/2018 15:32:01;all;29,13;0,00;7,55;0,70;0,00;62,62
24/07/2018 15:34:01;all;27,69;0,00;7,26;0,78;0,00;64,27
24/07/2018 15:36:01;all;23,00;0,00;6,20;0,57;0,00;70,23
24/07/2018 15:38:02;all;12,64;0,01;3,88;2,05;0,00;81,42
24/07/2018 15:40:01;all;6,37;0,00;2,01;0,67;0,00;90,94
24/07/2018 15:42:01;all;6,18;0,00;1,90;1,14;0,00;90,78
24/07/2018 15:44:01;all;5,75;0,00;1,75;0,36;0,00;92,13
24/07/2018 15:46:01;all;8,03;0,01;1,97;1,30;0,00;88,68
24/07/2018 15:48:01;all;7,63;0,00;1,34;0,69;0,00;90,34
24/07/2018 15:50:01;all;18,31;0,01;5,38;0,79;0,00;75,51
24/07/2018 15:52:01;all;26,85;0,00;7,72;1,18;0,00;64,25
24/07/2018 15:54:01;all;24,88;0,02;6,61;2,17;0,00;66,33
24/07/2018 15:56:01;all;27,39;0,01;7,34;2,08;0,00;63,17
24/07/2018 15:58:01;all;25,50;0,00;7,05;2,06;0,00;65,39
24/07/2018 16:00:01;all;20,38;0,00;6,16;0,49;0,00;72,97
24/07/2018 16:02:01;all;26,05;0,00;7,67;0,61;0,00;65,66
24/07/2018 16:04:01;all;26,38;0,00;7,45;0,47;0,00;65,70
24/07/2018 16:06:01;all;26,38;0,00;7,39;0,51;0,00;65,72
24/07/2018 16:08:01;all;26,58;0,00;7,42;0,85;0,00;65,15
24/07/2018 16:10:01;all;17,33;0,00;5,04;1,77;0,00;75,85
24/07/2018 16:12:01;all;5,96;0,00;1,79;1,47;0,00;90,78
24/07/2018 16:14:01;all;6,94;0,00;2,17;2,00;0,00;88,88
24/07/2018 16:16:01;all;4,96;0,00;1,61;0,78;0,00;92,65
24/07/2018 16:18:01;all;6,11;0,01;1,89;0,80;0,00;91,19
24/07/2018 16:20:01;all;4,84;0,00;1,58;1,05;0,00;92,53
24/07/2018 16:22:01;all;4,79;0,00;1,53;2,27;0,00;91,41
24/07/2018 16:24:01;all;9,58;0,01;3,13;0,89;0,00;86,39
24/07/2018 16:26:01;all;27,18;0,00;7,71;0,51;0,00;64,60
24/07/2018 16:28:01;all;27,12;0,00;7,59;1,41;0,00;63,87
24/07/2018 16:30:01;all;9,07;0,01;2,77;1,48;0,00;86,67
24/07/2018 16:32:01;all;5,63;0,01;2,01;1,07;0,00;91,28
24/07/2018 16:34:01;all;12,87;0,01;3,99;2,88;0,00;80,24
24/07/2018 16:36:01;all;3,26;0,00;0,88;0,41;0,00;95,45
24/07/2018 16:38:01;all;15,68;0,11;3,68;2,29;0,00;78,24
24/07/2018 16:40:01;all;17,48;0,15;4,14;3,32;0,00;74,90
24/07/2018 16:42:01;all;19,44;0,16;4,62;2,96;0,00;72,82
24/07/2018 16:44:01;all;32,35;0,24;5,26;2,08;0,00;60,08
24/07/2018 16:46:01;all;13,82;0,02;3,67;3,28;0,00;79,21
24/07/2018 16:48:01;all;6,05;0,00;2,07;8,29;0,00;83,59
24/07/2018 16:50:01;all;3,97;0,00;1,34;0,77;0,00;93,91
24/07/2018 16:52:01;all;5,70;0,00;1,83;0,72;0,00;91,75
24/07/2018 16:54:01;all;5,48;0,00;1,97;1,22;0,00;91,34
24/07/2018 16:56:01;all;10,52;0,01;3,08;1,32;0,00;85,07
24/07/2018 16:58:01;all;10,19;0,01;2,83;6,02;0,00;80,96
24/07/2018 17:00:01;all;12,66;0,00;2,90;8,11;0,00;76,34
24/07/2018 17:02:01;all;13,55;0,08;4,00;4,18;0,00;78,19
24/07/2018 17:04:01;all;4,09;0,00;1,34;2,32;0,00;92,25
24/07/2018 17:06:01;all;6,12;0,02;1,81;1,13;0,00;90,92
24/07/2018 17:08:01;all;1,73;0,00;0,53;0,97;0,00;96,76
24/07/2018 17:10:01;all;1,93;0,00;0,43;0,60;0,00;97,04
24/07/2018 17:12:01;all;1,48;0,00;0,44;0,90;0,00;97,17
24/07/2018 17:14:01;all;2,11;0,00;0,65;1,29;0,00;95,96
24/07/2018 17:16:01;all;1,43;0,00;0,40;0,73;0,00;97,44
24/07/2018 17:18:01;all;1,64;0,00;0,45;1,01;0,00;96,90
24/07/2018 17:20:01;all;1,52;0,00;0,42;1,43;0,00;96,63
24/07/2018 17:22:01;all;1,50;0,00;0,43;0,63;0,00;97,44
24/07/2018 17:24:01;all;1,60;0,00;0,47;1,05;0,00;96,88
24/07/2018 17:26:01;all;1,30;0,00;0,39;0,23;0,00;98,07
24/07/2018 17:28:01;all;3,85;0,00;1,22;1,21;0,00;93,71
24/07/2018 17:30:01;all;3,52;0,00;1,15;0,73;0,00;94,60
24/07/2018 17:32:01;all;9,79;0,01;3,01;1,38;0,00;85,81
24/07/2018 17:34:01;all;3,27;0,00;1,01;0,81;0,00;94,91
24/07/2018 17:36:01;all;7,57;0,01;2,13;0,88;0,00;89,41
24/07/2018 17:38:01;all;23,05;0,01;3,35;1,49;0,00;72,10
24/07/2018 17:40:01;all;21,38;0,04;3,80;1,50;0,00;73,27
24/07/2018 17:42:01;all;26,71;0,19;5,31;5,72;0,00;62,07
24/07/2018 17:44:01;all;30,60;0,17;6,13;3,93;0,00;59,17
24/07/2018 17:46:01;all;7,58;0,06;2,27;3,50;0,00;86,59
24/07/2018 17:48:01;all;1,95;0,00;0,53;0,70;0,00;96,82
24/07/2018 17:50:01;all;1,96;0,00;0,68;0,50;0,00;96,86
24/07/2018 17:52:01;all;3,59;0,00;1,03;0,47;0,00;94,91
24/07/2018 17:54:01;all;1,87;0,00;0,69;0,86;0,00;96,58
24/07/2018 17:56:01;all;2,48;0,00;0,88;0,73;0,00;95,92
24/07/2018 17:58:01;all;6,35;0,01;1,40;2,43;0,00;89,81
24/07/2018 18:00:01;all;7,65;0,00;1,21;1,23;0,00;89,91
24/07/2018 18:02:01;all;7,20;0,00;1,15;0,85;0,00;90,79
24/07/2018 18:04:01;all;7,05;0,00;1,07;0,98;0,00;90,91
24/07/2018 18:06:01;all;5,50;0,00;0,73;0,62;0,00;93,15
24/07/2018 18:08:01;all;11,97;0,01;2,29;1,91;0,00;83,81
24/07/2018 18:10:01;all;10,40;0,00;1,82;0,63;0,00;87,15
24/07/2018 18:12:01;all;9,83;0,00;1,75;0,50;0,00;87,93
24/07/2018 18:14:01;all;9,79;0,00;1,84;0,53;0,00;87,83
24/07/2018 18:16:01;all;3,77;0,00;1,18;0,50;0,00;94,55
24/07/2018 18:18:01;all;15,97;0,01;2,40;2,47;0,00;79,16
24/07/2018 18:20:01;all;16,32;0,00;1,49;0,36;0,00;81,83
24/07/2018 18:22:01;all;21,69;0,00;2,88;2,84;0,00;72,59
24/07/2018 18:24:01;all;17,33;0,01;3,40;4,34;0,00;74,92
24/07/2018 18:26:01;all;9,84;0,01;1,71;0,85;0,00;87,59
24/07/2018 18:28:01;all;4,12;0,00;1,20;1,09;0,00;93,59
24/07/2018 18:30:01;all;2,81;0,00;0,94;0,66;0,00;95,59
24/07/2018 18:32:01;all;5,67;0,01;1,53;1,29;0,00;91,49
24/07/2018 18:34:01;all;6,99;0,00;1,08;0,56;0,00;91,36
24/07/2018 18:36:01;all;7,89;0,00;1,27;0,54;0,00;90,30
24/07/2018 18:38:01;all;13,15;0,00;2,61;2,81;0,00;81,44
24/07/2018 18:40:01;all;9,97;0,00;1,92;1,01;0,00;87,09
24/07/2018 18:42:01;all;10,58;0,00;2,22;1,75;0,00;85,46
24/07/2018 18:44:01;all;8,56;0,00;1,54;0,77;0,00;89,13
24/07/2018 18:46:02;all;10,61;0,02;2,19;0,69;0,00;86,49
24/07/2018 18:48:01;all;21,76;0,04;3,79;4,08;0,00;70,33
24/07/2018 18:50:01;all;16,09;0,06;2,74;3,21;0,00;77,90
24/07/2018 18:52:01;all;10,22;0,01;2,22;1,11;0,00;86,44
24/07/2018 18:54:01;all;7,48;0,00;2,31;1,36;0,00;88,85
24/07/2018 18:56:01;all;5,33;0,00;1,65;0,86;0,00;92,16
24/07/2018 18:58:01;all;9,51;0,03;2,29;3,34;0,00;84,83
24/07/2018 19:00:01;all;10,83;0,02;2,02;1,63;0,00;85,51
24/07/2018 19:02:01;all;9,38;0,00;1,71;1,91;0,00;87,00
24/07/2018 19:04:01;all;10,22;0,00;1,98;0,87;0,00;86,94
24/07/2018 19:06:01;all;13,86;0,02;2,77;2,15;0,00;81,20
24/07/2018 19:08:01;all;14,29;0,00;3,26;1,11;0,00;81,33
24/07/2018 19:10:01;all;10,73;0,01;2,06;1,79;0,00;85,41
24/07/2018 19:12:01;all;10,31;0,00;2,07;0,52;0,00;87,10
24/07/2018 19:14:01;all;10,59;0,00;2,02;1,19;0,00;86,20
24/07/2018 19:16:01;all;8,83;0,00;1,58;0,39;0,00;89,20
24/07/2018 19:18:01;all;16,70;0,01;3,02;2,50;0,00;77,77
24/07/2018 19:20:01;all;18,38;0,00;2,02;0,58;0,00;79,02
24/07/2018 19:22:01;all;17,77;0,00;1,92;0,86;0,00;79,45
24/07/2018 19:24:01;all;15,21;0,01;2,50;2,38;0,00;79,90
24/07/2018 19:26:01;all;11,16;0,00;2,27;1,37;0,00;85,21
24/07/2018 19:28:01;all;8,79;0,01;2,43;2,98;0,00;85,78
24/07/2018 19:30:01;all;5,39;0,00;1,82;0,76;0,00;92,03
24/07/2018 19:32:01;all;10,72;0,03;2,30;1,13;0,00;85,82
24/07/2018 19:34:01;all;9,79;0,00;1,84;0,82;0,00;87,56
24/07/2018 19:36:01;all;10,77;0,01;2,07;1,59;0,00;85,56
24/07/2018 19:38:01;all;11,38;0,00;2,44;1,16;0,00;85,01
24/07/2018 19:40:01;all;7,10;0,00;1,20;0,54;0,00;91,15
24/07/2018 19:42:01;all;7,30;0,00;1,23;0,51;0,00;90,95
24/07/2018 19:44:01;all;7,22;0,00;1,11;0,48;0,00;91,19
24/07/2018 19:46:01;all;7,03;0,00;1,03;0,67;0,00;91,26
24/07/2018 19:48:01;all;7,43;0,00;1,19;0,49;0,00;90,90
24/07/2018 19:50:01;all;7,35;0,00;1,19;0,82;0,00;90,63
24/07/2018 19:52:01;all;7,76;0,00;1,51;1,41;0,00;89,32
24/07/2018 19:54:01;all;7,77;0,00;1,41;0,36;0,00;90,46
24/07/2018 19:56:01;all;6,69;0,00;1,17;0,32;0,00;91,82
24/07/2018 19:58:01;all;6,94;0,00;1,19;0,79;0,00;91,08
24/07/2018 20:00:01;all;6,78;0,00;1,17;0,39;0,00;91,66
24/07/2018 20:02:01;all;6,90;0,00;1,21;0,47;0,00;91,41
24/07/2018 20:04:01;all;6,81;0,00;1,12;0,55;0,00;91,52
24/07/2018 20:06:01;all;6,72;0,00;1,10;0,58;0,00;91,60
24/07/2018 20:08:01;all;7,06;0,00;1,20;1,33;0,00;90,41
24/07/2018 20:10:01;all;6,71;0,00;1,12;0,92;0,00;91,24
24/07/2018 20:12:01;all;6,88;0,00;1,12;0,69;0,00;91,31
24/07/2018 20:14:01;all;6,84;0,00;1,14;0,65;0,00;91,37
24/07/2018 20:16:01;all;6,66;0,00;1,05;0,32;0,00;91,97
24/07/2018 20:18:01;all;7,00;0,00;1,18;0,81;0,00;91,00
24/07/2018 20:20:01;all;6,74;0,00;1,12;0,70;0,00;91,44
24/07/2018 20:22:01;all;9,89;0,00;1,82;1,13;0,00;87,16
24/07/2018 20:24:01;all;9,51;0,02;1,99;2,22;0,00;86,27
24/07/2018 20:26:01;all;8,19;0,00;1,37;0,59;0,00;89,85
24/07/2018 20:28:01;all;8,95;0,01;1,51;0,62;0,00;88,91
24/07/2018 20:30:01;all;9,32;0,05;1,70;1,31;0,00;87,63
24/07/2018 20:32:01;all;14,23;0,03;2,49;1,73;0,00;81,53
24/07/2018 20:34:01;all;9,13;0,00;1,62;1,07;0,00;88,18
24/07/2018 20:36:01;all;15,86;0,03;2,42;2,31;0,00;79,38
24/07/2018 20:38:01;all;14,46;0,00;1,62;0,96;0,00;82,95
24/07/2018 20:40:01;all;14,40;0,00;1,57;0,27;0,00;83,76
24/07/2018 20:42:01;all;5,40;0,01;1,47;1,02;0,00;92,10
24/07/2018 20:44:01;all;3,12;0,00;0,99;1,10;0,00;94,79
24/07/2018 20:46:01;all;2,94;0,00;0,98;0,93;0,00;95,15
24/07/2018 20:48:01;all;16,37;1,61;3,59;20,22;0,00;58,22
24/07/2018 20:50:01;all;2,56;0,00;0,93;0,60;0,00;95,92
24/07/2018 20:52:01;all;2,93;0,00;1,02;0,40;0,00;95,65
24/07/2018 20:54:01;all;10,70;0,02;2,18;0,77;0,00;86,33
24/07/2018 20:56:01;all;8,43;0,03;1,76;2,15;0,00;87,63
24/07/2018 20:58:01;all;7,63;0,00;1,29;0,75;0,00;90,32
24/07/2018 21:00:01;all;6,14;0,00;0,72;1,11;0,00;92,03
24/07/2018 21:02:01;all;5,41;1,63;0,77;1,08;0,00;91,11
24/07/2018 21:04:01;all;5,61;0,00;0,60;1,13;0,00;92,66
24/07/2018 21:06:01;all;5,38;0,00;0,55;0,28;0,00;93,79
24/07/2018 21:08:01;all;5,76;0,00;0,68;0,69;0,00;92,87
24/07/2018 21:10:01;all;5,59;0,00;0,57;0,60;0,00;93,23
24/07/2018 21:12:01;all;5,44;0,00;0,64;0,36;0,00;93,56
24/07/2018 21:14:01;all;6,28;0,00;0,71;1,38;0,00;91,62
24/07/2018 21:16:01;all;5,43;0,00;0,56;0,38;0,00;93,63
24/07/2018 21:18:01;all;5,60;0,00;0,64;0,70;0,00;93,06
24/07/2018 21:20:01;all;5,45;0,00;0,57;0,29;0,00;93,69
24/07/2018 21:22:01;all;5,93;0,00;0,87;0,40;0,00;92,80
24/07/2018 21:24:01;all;5,55;0,00;0,64;0,73;0,00;93,08
24/07/2018 21:26:01;all;5,44;0,00;0,60;0,92;0,00;93,05
24/07/2018 21:28:01;all;5,57;0,00;0,67;0,44;0,00;93,32
24/07/2018 21:30:01;all;5,61;0,00;0,58;0,90;0,00;92,91
24/07/2018 21:32:01;all;6,86;0,00;0,86;0,76;0,00;91,53
24/07/2018 21:34:01;all;7,18;0,00;1,09;0,64;0,00;91,09
24/07/2018 21:36:01;all;12,96;0,05;2,78;1,67;0,00;82,54
24/07/2018 21:38:01;all;12,70;0,03;2,59;4,45;0,00;80,24
24/07/2018 21:40:01;all;9,31;0,00;1,44;1,08;0,00;88,16
24/07/2018 21:42:01;all;10,02;0,01;1,65;1,02;0,00;87,29
24/07/2018 21:44:01;all;10,21;0,00;1,69;0,48;0,00;87,62
24/07/2018 21:46:01;all;9,64;0,00;1,57;1,06;0,00;87,73
24/07/2018 21:48:01;all;9,64;0,00;1,62;1,25;0,00;87,48
24/07/2018 21:50:01;all;9,15;0,00;1,37;1,08;0,00;88,40
24/07/2018 21:52:01;all;9,36;0,00;1,42;0,72;0,00;88,50
24/07/2018 21:54:01;all;9,30;0,00;1,47;0,48;0,00;88,76
24/07/2018 21:56:01;all;10,26;0,01;1,76;0,60;0,00;87,37
24/07/2018 21:58:01;all;8,22;0,01;1,49;0,99;0,00;89,30
24/07/2018 22:00:01;all;7,54;0,00;1,21;1,61;0,00;89,64
24/07/2018 22:02:01;all;6,71;0,00;1,04;1,76;0,00;90,49
24/07/2018 22:04:01;all;6,49;0,00;0,95;0,62;0,00;91,94
24/07/2018 22:06:01;all;6,82;0,00;1,04;0,79;0,00;91,35
24/07/2018 22:08:01;all;8,46;0,01;1,46;0,59;0,00;89,49
24/07/2018 22:10:01;all;10,48;0,02;1,71;0,48;0,00;87,32
24/07/2018 22:12:01;all;17,32;0,02;4,13;1,12;0,00;77,41
24/07/2018 22:14:01;all;9,92;0,01;2,62;0,87;0,00;86,57
24/07/2018 22:16:01;all;3,03;0,00;1,00;0,42;0,00;95,55
24/07/2018 22:18:01;all;8,35;0,01;1,61;1,16;0,00;88,86
25/07/2018 08:30:01;all;26,81;0,17;5,72;45,12;0,00;22,18
25/07/2018 08:32:01;all;38,88;0,77;9,39;4,54;0,00;46,41
25/07/2018 08:34:01;all;22,14;0,00;4,96;2,01;0,00;70,89
25/07/2018 08:36:01;all;34,01;0,05;6,17;2,58;0,00;57,18
25/07/2018 08:38:01;all;36,97;0,06;6,26;2,00;0,00;54,71
25/07/2018 08:40:01;all;54,35;0,02;7,11;1,97;0,00;36,54
25/07/2018 08:42:01;all;40,65;0,02;5,38;3,14;0,00;50,81
25/07/2018 08:44:01;all;10,91;0,00;1,45;1,68;0,00;85,97
25/07/2018 08:46:01;all;11,99;0,52;2,15;1,96;0,00;83,37
25/07/2018 08:48:01;all;10,42;0,03;1,82;1,13;0,00;86,59
25/07/2018 08:50:01;all;9,36;0,00;1,55;1,14;0,00;87,95
25/07/2018 08:52:01;all;9,47;0,00;1,59;1,24;0,00;87,70
25/07/2018 08:54:01;all;14,55;0,02;2,85;3,38;0,00;79,20
25/07/2018 08:56:01;all;12,96;0,00;2,14;1,17;0,00;83,72
25/07/2018 08:58:01;all;12,79;0,00;2,13;1,67;0,00;83,42
25/07/2018 09:00:01;all;12,63;0,00;2,08;1,00;0,00;84,29
25/07/2018 09:02:01;all;21,26;0,02;4,16;2,84;0,00;71,72
25/07/2018 09:04:01;all;14,13;0,02;2,94;4,04;0,00;78,88
25/07/2018 09:06:01;all;8,31;0,00;1,56;2,36;0,00;87,76
25/07/2018 09:08:01;all;8,56;0,00;1,67;1,12;0,00;88,65
25/07/2018 09:10:01;all;8,50;0,00;1,80;1,15;0,00;88,55
25/07/2018 09:12:01;all;9,06;0,00;1,79;1,35;0,00;87,81
25/07/2018 09:14:01;all;8,61;0,00;1,79;1,15;0,00;88,46
25/07/2018 09:16:01;all;13,05;0,04;2,54;1,92;0,00;82,44
25/07/2018 09:18:01;all;15,85;0,03;3,18;2,60;0,00;78,34
25/07/2018 09:20:01;all;16,14;0,10;3,69;3,70;0,00;76,37
25/07/2018 09:22:01;all;9,69;0,00;2,08;1,27;0,00;86,95
25/07/2018 09:24:01;all;8,23;0,00;1,66;1,04;0,00;89,07
25/07/2018 09:26:01;all;8,47;0,00;1,54;1,04;0,00;88,96
25/07/2018 09:28:01;all;8,31;0,00;1,73;1,09;0,00;88,87
25/07/2018 09:30:01;all;8,22;0,00;1,74;1,28;0,00;88,77
25/07/2018 09:32:01;all;8,11;0,00;1,62;1,03;0,00;89,24
25/07/2018 09:34:01;all;9,07;0,00;1,90;0,85;0,00;88,18
25/07/2018 09:36:01;all;9,48;0,00;2,14;0,86;0,00;87,53
25/07/2018 09:38:01;all;9,64;0,00;2,00;1,71;0,00;86,65
25/07/2018 09:40:01;all;9,45;0,00;1,96;1,43;0,00;87,16
25/07/2018 09:42:01;all;9,98;0,00;2,26;1,15;0,00;86,62
25/07/2018 09:44:01;all;8,56;0,00;1,91;0,76;0,00;88,77
25/07/2018 09:46:01;all;9,39;0,00;2,21;1,13;0,00;87,28
25/07/2018 09:48:01;all;11,33;0,00;2,25;2,81;0,00;83,61
25/07/2018 09:50:01;all;9,11;0,00;2,05;1,03;0,00;87,82
25/07/2018 09:52:01;all;9,00;0,00;1,96;0,99;0,00;88,04
25/07/2018 09:54:01;all;12,16;0,07;2,45;1,89;0,00;83,43
25/07/2018 09:56:01;all;12,85;0,04;2,46;1,90;0,00;82,76
25/07/2018 09:58:01;all;10,43;0,00;1,91;1,13;0,00;86,53
25/07/2018 10:00:01;all;4,50;0,00;1,62;2,08;0,00;91,79
25/07/2018 10:02:01;all;9,83;0,03;2,28;2,44;0,00;85,42
25/07/2018 10:04:01;all;7,51;0,00;1,11;1,58;0,00;89,80
25/07/2018 10:06:01;all;8,80;0,00;1,58;1,02;0,00;88,60
25/07/2018 10:08:01;all;7,41;0,00;1,11;1,11;0,00;90,37
25/07/2018 10:10:01;all;24,45;0,04;5,14;3,27;0,00;67,10
25/07/2018 10:12:01;all;47,79;0,01;6,44;1,93;0,00;43,83
25/07/2018 10:14:01;all;46,79;0,00;6,26;1,11;0,00;45,85
25/07/2018 10:16:01;all;41,91;0,01;6,42;2,45;0,00;49,20
25/07/2018 10:18:01;all;46,17;0,04;7,44;2,68;0,00;43,67
25/07/2018 10:20:01;all;38,83;0,01;5,91;2,45;0,00;52,80
25/07/2018 10:22:01;all;40,37;0,00;6,10;1,53;0,00;51,99
25/07/2018 10:24:01;all;39,75;0,01;5,79;2,60;0,00;51,86
25/07/2018 10:26:01;all;38,61;0,00;5,72;1,56;0,00;54,11
25/07/2018 10:28:01;all;42,97;0,01;6,41;2,05;0,00;48,56
25/07/2018 10:30:01;all;39,79;0,00;5,80;1,97;0,00;52,43
25/07/2018 10:32:01;all;40,22;0,01;6,14;2,34;0,00;51,29
25/07/2018 10:34:01;all;37,68;0,00;5,41;2,30;0,00;54,61
25/07/2018 10:36:01;all;39,84;0,01;6,00;2,07;0,00;52,08
25/07/2018 10:38:01;all;36,09;0,00;5,01;2,23;0,00;56,67
25/07/2018 10:40:02;all;40,19;0,01;5,89;1,64;0,00;52,27
25/07/2018 10:42:01;all;36,96;0,00;5,31;1,82;0,00;55,91
25/07/2018 10:44:01;all;36,90;0,00;5,16;1,73;0,00;56,21
25/07/2018 10:46:01;all;36,29;0,00;4,84;1,66;0,00;57,21
25/07/2018 10:48:01;all;38,08;0,04;6,94;3,87;0,00;51,07
25/07/2018 10:50:01;all;53,76;0,00;10,94;1,51;0,00;33,79
25/07/2018 10:52:01;all;29,83;0,01;6,03;2,27;0,00;61,87
25/07/2018 10:54:01;all;10,65;0,00;2,09;1,28;0,00;85,98
25/07/2018 10:56:01;all;9,90;0,00;1,93;1,45;0,00;86,72
25/07/2018 10:58:01;all;12,52;0,02;2,57;2,56;0,00;82,33
25/07/2018 11:00:01;all;9,58;0,00;1,63;1,93;0,00;86,86
25/07/2018 11:02:01;all;9,97;0,00;1,80;1,92;0,00;86,31
25/07/2018 11:04:01;all;9,63;0,00;1,68;1,54;0,00;87,15
25/07/2018 11:06:01;all;9,64;0,00;1,69;1,57;0,00;87,10
25/07/2018 11:08:01;all;10,48;0,00;2,03;1,97;0,00;85,51
25/07/2018 11:10:01;all;7,81;0,00;1,31;1,64;0,00;89,24
25/07/2018 11:12:01;all;9,19;0,00;1,57;0,99;0,00;88,26
25/07/2018 11:14:01;all;9,18;0,00;1,56;1,27;0,00;87,99
25/07/2018 11:16:01;all;17,51;0,02;3,95;3,11;0,00;75,41
25/07/2018 11:18:01;all;12,09;0,00;2,56;1,20;0,00;84,15
25/07/2018 11:20:01;all;11,24;0,00;2,08;1,07;0,00;85,61
25/07/2018 11:22:01;all;11,75;0,00;2,32;1,78;0,00;84,16
25/07/2018 11:24:01;all;11,54;0,00;2,28;1,38;0,00;84,81
25/07/2018 11:26:01;all;14,91;0,00;3,49;1,69;0,00;79,91
25/07/2018 11:28:01;all;11,70;0,03;2,34;3,12;0,00;82,82
25/07/2018 11:30:01;all;11,10;0,00;2,35;2,50;0,00;84,05
25/07/2018 11:32:01;all;9,40;0,00;1,85;2,86;0,00;85,89
25/07/2018 11:34:01;all;7,54;0,00;1,38;1,10;0,00;89,98
25/07/2018 11:36:01;all;9,57;0,02;1,84;1,35;0,00;87,23
25/07/2018 11:38:01;all;8,54;0,00;1,55;1,77;0,00;88,12
25/07/2018 11:40:01;all;7,63;0,00;1,34;1,55;0,00;89,48
25/07/2018 11:42:01;all;8,55;0,00;1,59;1,19;0,00;88,67
25/07/2018 11:44:01;all;7,98;0,00;1,50;0,71;0,00;89,81
25/07/2018 11:46:01;all;8,60;0,00;1,50;1,29;0,00;88,61
25/07/2018 11:48:01;all;8,65;0,00;1,54;1,80;0,00;88,01
25/07/2018 11:50:01;all;8,14;0,00;1,44;1,07;0,00;89,35
25/07/2018 11:52:01;all;7,88;0,00;1,41;1,13;0,00;89,58
25/07/2018 11:54:01;all;8,77;0,00;1,62;1,58;0,00;88,03
25/07/2018 11:56:01;all;7,43;0,00;1,29;1,23;0,00;90,05
25/07/2018 11:58:01;all;8,21;0,00;1,58;1,56;0,00;88,65
25/07/2018 12:00:01;all;7,33;0,00;1,28;1,84;0,00;89,55
25/07/2018 12:02:01;all;8,61;0,00;1,80;1,75;0,00;87,84
25/07/2018 12:04:02;all;10,16;0,01;2,35;2,50;0,00;84,99
25/07/2018 12:06:01;all;23,12;0,06;4,94;1,63;0,00;70,25
25/07/2018 12:08:01;all;18,29;0,00;3,27;0,84;0,00;77,59
25/07/2018 12:10:01;all;16,06;0,01;3,34;1,52;0,00;79,07
25/07/2018 12:12:01;all;19,60;0,08;4,48;2,16;0,00;73,69
25/07/2018 12:14:01;all;16,44;0,05;3,56;2,15;0,00;77,81
25/07/2018 12:16:01;all;20,26;0,03;4,34;1,56;0,00;73,82
25/07/2018 12:18:01;all;9,76;0,01;1,94;2,67;0,00;85,61
25/07/2018 12:20:01;all;17,65;0,01;3,78;1,36;0,00;77,21
25/07/2018 12:22:01;all;18,30;0,05;4,26;1,42;0,00;75,97
25/07/2018 12:24:01;all;16,64;0,00;3,64;0,92;0,00;78,79
25/07/2018 12:26:01;all;15,95;0,00;3,60;0,78;0,00;79,67
25/07/2018 12:28:01;all;17,94;0,01;4,21;0,96;0,00;76,89
25/07/2018 12:30:01;all;17,79;0,00;3,80;2,15;0,00;76,26
25/07/2018 12:32:01;all;17,56;0,01;3,96;1,37;0,00;77,11
25/07/2018 12:34:01;all;17,24;0,00;3,84;0,94;0,00;77,97
25/07/2018 12:36:01;all;16,84;0,00;3,80;0,69;0,00;78,66
25/07/2018 12:38:01;all;16,46;0,00;3,57;1,38;0,00;78,59
25/07/2018 12:40:01;all;17,83;0,01;3,95;2,44;0,00;75,77
25/07/2018 12:42:01;all;14,59;0,03;3,17;2,35;0,00;79,87
25/07/2018 12:44:01;all;12,79;0,01;2,74;2,03;0,00;82,43
25/07/2018 12:46:01;all;33,32;0,10;8,84;1,10;0,00;56,64
25/07/2018 12:48:01;all;37,62;0,01;10,30;1,64;0,00;50,43
25/07/2018 12:50:01;all;36,54;0,01;10,20;1,23;0,00;52,02
25/07/2018 12:52:01;all;36,57;0,00;10,23;1,53;0,00;51,67
25/07/2018 12:54:01;all;30,96;0,00;8,78;1,82;0,00;58,43
25/07/2018 12:56:01;all;22,67;0,03;5,22;4,23;0,00;67,85
25/07/2018 12:58:01;all;15,69;0,00;1,67;1,91;0,00;80,74
25/07/2018 13:00:01;all;12,34;0,00;0,99;1,21;0,00;85,46
25/07/2018 13:02:01;all;12,39;0,00;0,91;0,79;0,00;85,91
25/07/2018 13:04:01;all;12,89;0,00;0,98;0,49;0,00;85,64
25/07/2018 13:06:01;all;12,61;0,00;0,89;0,59;0,00;85,90
25/07/2018 13:08:01;all;13,56;0,00;1,70;7,68;0,00;77,06
25/07/2018 13:10:01;all;12,38;0,00;0,81;0,29;0,00;86,52
25/07/2018 13:12:01;all;12,76;0,00;0,99;0,50;0,00;85,75
25/07/2018 13:14:01;all;12,34;0,00;0,82;0,42;0,00;86,42
25/07/2018 13:16:01;all;12,47;0,00;0,84;0,51;0,00;86,18
25/07/2018 13:18:01;all;12,57;0,00;0,87;0,42;0,00;86,14
25/07/2018 13:20:01;all;12,22;0,00;0,80;0,29;0,00;86,69
25/07/2018 13:22:01;all;12,53;0,00;0,92;0,76;0,00;85,78
25/07/2018 13:24:01;all;12,80;0,00;1,06;0,22;0,00;85,92
25/07/2018 13:26:01;all;13,22;0,00;1,39;0,65;0,00;84,73
25/07/2018 13:28:01;all;2,71;0,01;0,89;0,33;0,00;96,07
25/07/2018 13:30:02;all;17,62;0,00;3,64;6,00;0,00;72,73
25/07/2018 13:32:01;all;8,22;0,01;2,60;1,58;0,00;87,58
25/07/2018 13:34:01;all;8,47;0,02;2,84;4,04;0,00;84,63
25/07/2018 13:36:01;all;6,36;0,01;2,29;1,90;0,00;89,44
25/07/2018 13:38:01;all;9,70;0,02;3,33;1,80;0,00;85,15
25/07/2018 13:40:01;all;27,97;0,01;7,25;0,91;0,00;63,87
25/07/2018 13:42:01;all;11,19;0,02;2,91;1,98;0,00;83,90
25/07/2018 13:44:01;all;29,30;0,00;7,38;0,35;0,00;62,96
25/07/2018 13:46:01;all;23,72;0,03;4,86;1,76;0,00;69,62
25/07/2018 13:48:01;all;22,69;0,01;4,68;6,36;0,00;66,26
25/07/2018 13:50:01;all;15,94;0,00;3,00;2,20;0,00;78,86
25/07/2018 13:52:01;all;14,88;0,00;2,72;1,03;0,00;81,36
25/07/2018 13:54:01;all;14,99;0,00;2,50;2,04;0,00;80,46
25/07/2018 13:56:01;all;4,23;0,00;1,34;0,73;0,00;93,69
25/07/2018 13:58:01;all;4,89;0,04;1,60;1,28;0,00;92,19
25/07/2018 14:00:01;all;5,02;0,00;1,60;0,62;0,00;92,76
25/07/2018 14:02:01;all;8,02;0,02;2,15;3,36;0,00;86,45
25/07/2018 14:04:01;all;3,49;0,00;1,21;1,23;0,00;94,07
25/07/2018 14:06:01;all;3,09;0,00;1,08;1,18;0,00;94,64
25/07/2018 14:08:01;all;15,82;0,01;4,75;1,64;0,00;77,78
25/07/2018 14:10:01;all;22,55;0,00;6,64;0,43;0,00;70,38
25/07/2018 14:12:01;all;19,92;0,00;6,02;0,36;0,00;73,70
25/07/2018 14:14:01;all;19,22;0,00;5,95;0,83;0,00;74,01
25/07/2018 14:16:01;all;21,01;0,00;6,41;0,56;0,00;72,03
25/07/2018 14:18:01;all;20,55;0,00;6,31;1,60;0,00;71,54
25/07/2018 14:20:01;all;19,95;0,00;6,18;1,25;0,00;72,63
25/07/2018 14:22:01;all;15,99;0,01;5,01;0,84;0,00;78,15
25/07/2018 14:24:01;all;30,05;0,03;7,85;0,69;0,00;61,38
25/07/2018 14:26:01;all;29,87;0,00;7,48;1,55;0,00;61,11
25/07/2018 14:28:01;all;29,90;0,00;7,32;1,95;0,00;60,83
25/07/2018 14:30:01;all;30,08;0,00;7,36;1,28;0,00;61,28
25/07/2018 14:32:01;all;15,66;0,01;3,90;4,70;0,00;75,72
25/07/2018 14:34:01;all;6,05;0,01;2,06;0,93;0,00;90,95
25/07/2018 14:36:01;all;5,65;0,00;1,83;0,82;0,00;91,69
25/07/2018 14:38:01;all;21,19;0,01;5,74;2,51;0,00;70,56
25/07/2018 14:40:01;all;29,00;0,00;7,15;1,25;0,00;62,59
25/07/2018 14:42:01;all;30,67;0,45;7,53;3,93;0,00;57,41
25/07/2018 14:44:01;all;20,72;0,00;5,56;0,71;0,00;73,01
25/07/2018 14:46:01;all;12,24;0,41;3,61;2,09;0,00;81,65
25/07/2018 14:48:01;all;10,89;0,00;3,58;3,68;0,00;81,84
25/07/2018 14:50:01;all;19,79;0,00;5,22;0,76;0,00;74,23
25/07/2018 14:52:01;all;16,96;0,00;4,54;1,40;0,00;77,09
25/07/2018 14:54:01;all;9,17;0,01;3,09;4,80;0,00;82,94
25/07/2018 14:56:01;all;21,01;0,02;5,16;0,55;0,00;73,26
25/07/2018 14:58:01;all;8,54;0,01;2,50;1,45;0,00;87,50
25/07/2018 15:00:01;all;6,36;0,01;2,18;3,11;0,00;88,34
25/07/2018 15:02:01;all;5,02;0,00;1,59;0,59;0,00;92,81
25/07/2018 15:04:01;all;5,22;0,00;1,69;0,55;0,00;92,54
25/07/2018 15:06:01;all;4,45;0,00;1,16;0,52;0,00;93,86
25/07/2018 15:08:01;all;21,35;0,01;6,06;1,18;0,00;71,41
25/07/2018 15:10:01;all;25,43;1,05;6,96;2,10;0,00;64,45
25/07/2018 15:12:01;all;18,15;0,00;4,78;1,90;0,00;75,17
25/07/2018 15:14:01;all;31,96;0,49;8,06;3,65;0,00;55,85
25/07/2018 15:16:01;all;29,61;0,60;6,98;5,09;0,00;57,73
25/07/2018 15:18:01;all;18,16;0,02;3,79;6,60;0,00;71,43
25/07/2018 15:20:01;all;6,98;0,01;1,65;1,75;0,00;89,60
25/07/2018 15:22:01;all;8,84;0,02;1,52;1,59;0,00;88,04
25/07/2018 15:24:01;all;7,26;0,00;1,92;1,54;0,00;89,27
25/07/2018 15:26:01;all;6,04;0,01;1,85;1,83;0,00;90,27
25/07/2018 15:28:01;all;6,70;0,00;2,00;0,99;0,00;90,31
25/07/2018 15:30:01;all;6,59;0,01;2,11;1,28;0,00;90,01
25/07/2018 15:32:01;all;6,71;0,03;2,28;1,66;0,00;89,32
25/07/2018 15:34:01;all;9,70;0,01;3,25;1,66;0,00;85,38
25/07/2018 15:36:01;all;9,66;0,02;3,43;2,44;0,00;84,45
25/07/2018 15:38:01;all;7,35;0,02;2,56;4,48;0,00;85,59
25/07/2018 15:40:01;all;6,21;0,01;2,13;1,80;0,00;89,84
25/07/2018 15:42:01;all;7,15;0,02;2,54;0,88;0,00;89,42
25/07/2018 15:44:01;all;8,74;0,07;3,14;3,77;0,00;84,28
25/07/2018 15:46:01;all;6,28;0,01;2,19;1,57;0,00;89,96
25/07/2018 15:48:01;all;5,90;0,00;2,15;2,68;0,00;89,27
25/07/2018 15:50:01;all;5,83;0,00;1,89;0,65;0,00;91,63
25/07/2018 15:52:01;all;8,84;0,02;2,90;4,00;0,00;84,23
25/07/2018 15:54:01;all;10,45;0,02;3,33;0,77;0,00;85,43
25/07/2018 15:56:01;all;25,50;0,03;6,23;2,07;0,00;66,18
25/07/2018 15:58:01;all;46,68;0,01;6,95;1,96;0,00;44,39
25/07/2018 16:00:01;all;25,68;0,01;6,60;4,08;0,00;63,63
25/07/2018 17:38:01;all;0,00;0,00;0,00;0,00;0,00;0,00
25/07/2018 17:40:01;all;42,85;0,12;6,56;2,42;0,00;48,05
25/07/2018 17:42:01;all;28,38;0,04;5,45;6,70;0,00;59,42
25/07/2018 17:52:01;all;0,00;0,00;0,00;0,00;0,00;0,00
25/07/2018 17:54:01;all;6,71;0,00;16,90;2,01;0,00;74,38
25/07/2018 17:56:01;all;3,75;0,00;20,57;1,11;0,00;74,58
25/07/2018 17:58:01;all;2,81;0,00;18,42;1,90;0,00;76,87
25/07/2018 18:00:01;all;2,16;0,00;17,26;0,59;0,00;79,99
25/07/2018 18:02:01;all;2,93;0,00;18,19;1,65;0,00;77,24
25/07/2018 18:04:01;all;1,98;0,00;18,04;0,87;0,00;79,11
25/07/2018 18:06:01;all;3,31;0,00;19,75;2,87;0,00;74,08
25/07/2018 18:08:01;all;4,75;0,00;19,54;2,83;0,00;72,87
25/07/2018 18:10:01;all;17,58;0,02;4,43;10,33;0,00;67,65
25/07/2018 18:12:01;all;11,61;0,03;3,50;4,32;0,00;80,55
25/07/2018 18:14:01;all;9,83;0,00;3,01;2,38;0,00;84,78
25/07/2018 18:16:01;all;5,71;0,00;1,80;2,36;0,00;90,14
26/07/2018 10:18:02;all;22,65;0,66;6,93;26,47;0,00;43,28
26/07/2018 10:20:01;all;19,65;0,01;5,74;5,37;0,00;69,23
26/07/2018 10:22:01;all;24,54;0,01;7,43;3,71;0,00;64,32
26/07/2018 10:24:01;all;22,89;0,00;6,24;3,95;0,00;66,92
26/07/2018 10:26:01;all;24,40;0,04;6,47;6,22;0,00;62,87
26/07/2018 10:28:01;all;23,26;0,00;6,82;6,33;0,00;63,58
26/07/2018 10:30:01;all;23,51;0,01;6,64;2,75;0,00;67,10
26/07/2018 10:32:01;all;7,32;0,53;2,60;7,87;0,00;81,69
26/07/2018 10:34:01;all;12,26;0,02;3,55;8,46;0,00;75,72
26/07/2018 10:36:01;all;6,86;0,01;2,24;7,37;0,00;83,52
26/07/2018 10:38:01;all;11,14;0,01;3,38;6,10;0,00;79,38
26/07/2018 10:40:01;all;22,20;0,00;6,49;2,77;0,00;68,54
26/07/2018 10:42:01;all;21,85;0,00;6,61;3,42;0,00;68,12
26/07/2018 10:44:01;all;21,18;0,00;6,23;2,79;0,00;69,80
26/07/2018 10:46:01;all;7,00;0,01;2,35;2,52;0,00;88,13
26/07/2018 10:48:01;all;8,35;0,01;2,73;7,18;0,00;81,75
26/07/2018 10:50:01;all;6,70;0,00;2,28;5,73;0,00;85,29
26/07/2018 10:52:01;all;5,71;0,00;1,83;6,08;0,00;86,38
26/07/2018 10:54:01;all;5,40;0,00;1,99;2,53;0,00;90,08
26/07/2018 10:56:01;all;5,95;0,00;2,00;2,10;0,00;89,95
26/07/2018 10:58:01;all;8,94;0,01;2,99;2,79;0,00;85,27
26/07/2018 11:00:01;all;21,39;0,00;6,25;2,35;0,00;70,01
26/07/2018 11:02:01;all;22,07;0,00;6,52;1,79;0,00;69,62
26/07/2018 11:04:01;all;21,34;0,00;6,43;1,11;0,00;71,12
26/07/2018 11:06:01;all;21,27;0,00;6,14;1,61;0,00;70,98
26/07/2018 11:08:01;all;9,06;0,00;3,06;3,37;0,00;84,51
26/07/2018 11:10:01;all;10,68;0,01;3,55;1,93;0,00;83,84
26/07/2018 11:12:01;all;18,29;0,00;5,64;2,55;0,00;73,52
26/07/2018 13:00:01;all;0,00;0,00;0,00;0,00;0,00;0,00
26/07/2018 13:02:01;all;8,42;0,06;2,40;3,89;0,00;85,24
26/07/2018 13:04:01;all;4,43;0,01;1,53;1,77;0,00;92,26
26/07/2018 13:06:01;all;7,41;0,18;2,40;1,26;0,00;88,76
26/07/2018 13:08:01;all;3,84;0,08;1,36;1,05;0,00;93,67
26/07/2018 13:10:01;all;6,30;0,04;1,78;2,48;0,00;89,40
26/07/2018 13:12:01;all;2,02;0,00;0,63;1,47;0,00;95,88
26/07/2018 13:14:01;all;1,95;0,00;0,65;1,02;0,00;96,38
26/07/2018 13:16:01;all;11,65;0,07;3,27;2,98;0,00;82,03
26/07/2018 13:18:01;all;5,85;0,00;2,46;1,82;0,00;89,88
26/07/2018 13:20:01;all;6,27;0,00;2,57;1,29;0,00;89,87
26/07/2018 13:22:01;all;7,85;0,00;2,87;2,90;0,00;86,37
26/07/2018 13:24:01;all;5,82;0,00;2,55;1,42;0,00;90,21
26/07/2018 13:26:01;all;6,03;0,00;2,54;1,37;0,00;90,06
26/07/2018 13:28:01;all;11,86;0,02;3,49;2,94;0,00;81,69
26/07/2018 13:30:01;all;9,67;0,00;1,44;1,86;0,00;87,03
26/07/2018 13:32:01;all;9,26;0,00;1,37;1,61;0,00;87,76
26/07/2018 13:34:01;all;16,01;0,10;3,10;1,75;0,00;79,03
26/07/2018 13:36:01;all;25,62;0,16;5,21;2,14;0,00;66,87
26/07/2018 13:38:01;all;17,85;0,03;3,22;6,00;0,00;72,90
26/07/2018 13:40:01;all;15,70;0,00;1,93;4,50;0,00;77,86
26/07/2018 13:42:01;all;6,38;0,00;1,20;1,32;0,00;91,10
26/07/2018 13:44:01;all;6,81;0,44;3,08;11,32;0,00;78,35
26/07/2018 13:46:01;all;10,62;0,62;2,93;2,57;0,00;83,27
26/07/2018 13:48:01;all;10,52;0,02;2,56;2,88;0,00;84,02
26/07/2018 13:50:01;all;13,27;0,50;3,00;6,44;0,00;76,78
26/07/2018 13:52:01;all;18,25;0,62;3,97;3,68;0,00;73,48
26/07/2018 13:54:01;all;20,95;0,03;4,20;3,56;0,00;71,25
26/07/2018 13:56:01;all;12,73;0,00;1,61;1,98;0,00;83,67
26/07/2018 13:58:01;all;23,14;0,00;2,29;2,43;0,00;72,15
26/07/2018 14:00:01;all;15,19;0,00;1,79;1,30;0,00;81,71
26/07/2018 14:02:01;all;13,38;0,00;1,71;1,76;0,00;83,15
26/07/2018 14:04:01;all;13,48;0,00;1,81;1,28;0,00;83,43
26/07/2018 14:06:01;all;24,27;0,03;5,01;4,17;0,00;66,53
26/07/2018 14:08:01;all;21,81;0,05;4,06;2,83;0,00;71,25
26/07/2018 14:10:01;all;24,79;0,01;3,63;2,43;0,00;69,15
26/07/2018 14:12:01;all;19,60;0,01;4,26;11,14;0,00;64,99
26/07/2018 14:14:01;all;34,22;0,04;4,57;29,33;0,00;31,84
26/07/2018 14:16:01;all;25,68;0,58;5,94;14,20;0,00;53,59
26/07/2018 14:18:01;all;14,42;0,52;2,57;8,16;0,00;74,33
26/07/2018 14:20:01;all;14,14;0,00;2,49;1,84;0,00;81,53
26/07/2018 14:22:01;all;13,19;0,00;2,60;1,56;0,00;82,66
26/07/2018 14:24:01;all;12,17;0,00;2,22;1,44;0,00;84,17
26/07/2018 14:26:01;all;14,70;0,00;2,67;1,77;0,00;80,85
26/07/2018 14:28:01;all;13,27;0,00;2,61;1,32;0,00;82,80
26/07/2018 14:30:01;all;13,74;0,00;2,53;1,70;0,00;82,04
26/07/2018 14:32:01;all;14,49;0,00;2,66;2,52;0,00;80,33
26/07/2018 14:34:01;all;13,41;0,00;2,87;12,91;0,00;70,82
26/07/2018 14:36:01;all;11,40;0,00;2,08;7,13;0,00;79,38
26/07/2018 14:38:01;all;13,62;0,00;2,86;9,50;0,00;74,01
26/07/2018 14:40:01;all;13,16;0,00;2,69;10,92;0,00;73,24
26/07/2018 14:42:01;all;13,58;0,00;2,41;2,06;0,00;81,95
26/07/2018 14:44:01;all;12,74;0,00;2,18;2,42;0,00;82,67
26/07/2018 14:46:01;all;13,38;0,00;2,29;1,99;0,00;82,35
26/07/2018 14:48:01;all;28,71;0,02;5,26;3,10;0,00;62,90
26/07/2018 14:50:01;all;27,97;0,06;5,04;5,00;0,00;61,94
26/07/2018 14:52:01;all;42,43;0,01;9,70;2,93;0,00;44,93
26/07/2018 14:54:01;all;45,43;0,00;10,43;1,20;0,00;42,94
26/07/2018 14:56:01;all;39,65;0,03;9,73;3,43;0,00;47,16
26/07/2018 14:58:01;all;12,08;0,12;2,60;7,09;0,00;78,11
26/07/2018 15:00:01;all;15,91;0,08;3,54;4,66;0,00;75,81
26/07/2018 15:02:01;all;10,82;0,00;2,38;7,70;0,00;79,11
26/07/2018 15:04:01;all;18,93;0,02;3,64;11,58;0,00;65,83
26/07/2018 15:06:01;all;41,92;0,02;9,88;1,12;0,00;47,05
26/07/2018 15:08:01;all;50,31;0,00;12,47;1,85;0,00;35,37
26/07/2018 15:10:01;all;18,90;0,07;4,09;3,30;0,00;73,64
26/07/2018 15:12:01;all;11,60;0,00;2,12;4,56;0,00;81,73
26/07/2018 15:14:01;all;49,04;0,01;12,39;4,16;0,00;34,41
26/07/2018 15:16:01;all;41,80;0,04;10,51;4,36;0,00;43,29
26/07/2018 15:18:01;all;11,68;0,00;1,84;5,58;0,00;80,90
26/07/2018 15:20:01;all;11,24;0,00;1,86;2,49;0,00;84,42
26/07/2018 15:22:01;all;10,62;0,00;1,75;6,24;0,00;81,39
26/07/2018 15:24:01;all;9,95;0,00;1,95;3,30;0,00;84,79
26/07/2018 15:26:01;all;11,54;0,04;2,36;2,08;0,00;83,98
26/07/2018 15:28:01;all;25,69;0,01;4,65;2,33;0,00;67,31
26/07/2018 15:30:01;all;24,60;0,00;3,65;0,83;0,00;70,92
26/07/2018 15:32:01;all;25,01;0,00;3,77;1,13;0,00;70,09
