DATA;pgpgin/s;pgpgout/s;fault/s;majflt/s;pgfree/s;pgscank/s;pgscand/s;pgsteal/s;%vmeff
23/07/2018 08:22:01;6,90;272,29;1255,08;0,01;2042,12;0,00;0,00;0,00;0,00;
23/07/2018 08:24:01;1,43;173,22;737,32;0,01;1605,12;0,00;0,00;0,00;0,00;
23/07/2018 08:26:01;35,22;144,00;876,44;0,00;1484,60;0,00;0,00;0,00;0,00;
23/07/2018 08:28:01;0,47;201,32;1162,27;0,01;1619,95;0,00;0,00;0,00;0,00;
23/07/2018 08:30:01;32,33;177,97;1043,27;0,00;1394,63;0,00;0,00;0,00;0,00;
23/07/2018 08:32:01;2,27;166,66;739,81;0,02;1229,43;0,00;0,00;0,00;0,00;
23/07/2018 08:34:01;0,00;161,69;637,55;0,00;904,45;0,00;0,00;0,00;0,00;
23/07/2018 08:36:01;33,79;178,72;794,23;0,01;1329,36;0,00;0,00;0,00;0,00;
23/07/2018 08:38:01;0,00;149,92;845,56;0,00;990,88;0,00;0,00;0,00;0,00;
23/07/2018 08:40:01;201,15;80,38;2356,89;0,31;1779,49;0,00;0,00;0,00;0,00;
23/07/2018 08:42:01;192,83;104,85;1037,26;0,12;1359,92;0,00;0,00;0,00;0,00;
23/07/2018 08:44:01;48,53;203,32;1460,88;0,05;2198,62;0,00;0,00;0,00;0,00;
23/07/2018 08:46:01;31,19;125,08;1060,91;0,01;1335,51;0,00;0,00;0,00;0,00;
23/07/2018 08:48:01;0,17;125,74;1317,92;0,00;1396,62;0,00;0,00;0,00;0,00;
23/07/2018 08:50:01;46,42;219,68;1083,96;0,00;1794,14;0,00;0,00;0,00;0,00;
23/07/2018 08:52:01;24,69;151,13;845,00;0,02;1016,36;0,00;0,00;0,00;0,00;
23/07/2018 08:54:01;4,50;164,24;958,35;0,00;1399,21;0,00;0,00;0,00;0,00;
23/07/2018 08:56:01;39,49;190,39;961,41;0,00;1524,64;0,00;0,00;0,00;0,00;
23/07/2018 08:58:01;0,03;209,75;976,22;0,00;1432,00;0,00;0,00;0,00;0,00;
23/07/2018 09:00:01;40,66;239,64;924,38;0,00;1325,33;0,00;0,00;0,00;0,00;
23/07/2018 09:02:01;0,00;149,93;837,20;0,00;1158,39;0,00;0,00;0,00;0,00;
23/07/2018 09:04:01;0,00;178,37;571,28;0,00;800,31;0,00;0,00;0,00;0,00;
23/07/2018 09:06:01;36,29;155,76;1052,82;0,00;1535,64;0,00;0,00;0,00;0,00;
23/07/2018 09:08:01;0,37;223,08;1116,50;0,00;1431,98;0,00;0,00;0,00;0,00;
23/07/2018 09:10:01;37,93;214,36;925,80;0,01;1166,10;0,00;0,00;0,00;0,00;
23/07/2018 09:12:01;0,00;236,44;806,71;0,00;1256,94;0,00;0,00;0,00;0,00;
23/07/2018 09:14:01;0,00;280,50;749,40;0,00;1015,39;0,00;0,00;0,00;0,00;
23/07/2018 09:16:01;41,59;66,78;873,53;0,00;1118,80;0,00;0,00;0,00;0,00;
23/07/2018 09:18:01;0,03;395,63;1196,30;0,00;2382,74;0,00;0,00;0,00;0,00;
23/07/2018 09:20:02;0,00;231,68;1450,85;0,00;1768,19;0,00;0,00;0,00;0,00;
23/07/2018 09:22:01;44,09;183,99;1254,83;0,00;1522,28;0,00;0,00;0,00;0,00;
23/07/2018 09:24:01;0,00;50,89;595,45;0,00;461,67;0,00;0,00;0,00;0,00;
23/07/2018 09:26:01;39,46;69,58;948,58;0,00;1081,12;0,00;0,00;0,00;0,00;
23/07/2018 09:28:01;0,03;72,19;1116,42;0,01;923,00;0,00;0,00;0,00;0,00;
23/07/2018 09:30:01;0,00;116,58;859,46;0,01;826,25;0,00;0,00;0,00;0,00;
23/07/2018 09:32:01;40,52;163,09;1175,50;0,00;1353,23;0,00;0,00;0,00;0,00;
23/07/2018 09:34:01;0,00;233,47;1061,69;0,00;1266,43;0,00;0,00;0,00;0,00;
23/07/2018 09:36:01;43,72;170,59;972,48;0,01;1503,88;0,00;0,00;0,00;0,00;
23/07/2018 09:38:01;1,03;158,24;794,73;0,00;1136,15;0,00;0,00;0,00;0,00;
23/07/2018 09:40:01;0,00;163,73;582,39;0,00;921,74;0,00;0,00;0,00;0,00;
23/07/2018 09:42:01;13,86;192,02;877,45;0,00;1273,96;0,00;0,00;0,00;0,00;
23/07/2018 09:44:01;0,00;198,13;665,70;0,00;926,77;0,00;0,00;0,00;0,00;
23/07/2018 09:46:01;48,19;57,22;1003,22;0,02;1028,89;0,00;0,00;0,00;0,00;
23/07/2018 09:48:01;0,03;88,82;991,65;0,00;988,61;0,00;0,00;0,00;0,00;
23/07/2018 09:50:01;7,50;77,75;780,81;0,00;729,27;0,00;0,00;0,00;0,00;
23/07/2018 09:52:01;40,52;172,89;1204,93;0,01;1684,20;0,00;0,00;0,00;0,00;
23/07/2018 09:54:01;0,07;197,22;586,94;0,00;909,78;0,00;0,00;0,00;0,00;
23/07/2018 09:56:01;44,86;181,97;877,81;0,00;1391,85;0,00;0,00;0,00;0,00;
23/07/2018 09:58:01;0,00;188,29;814,20;0,00;1059,28;0,00;0,00;0,00;0,00;
23/07/2018 10:00:01;0,43;109,55;686,80;0,01;969,24;0,00;0,00;0,00;0,00;
23/07/2018 10:02:01;28,66;142,53;1270,40;0,00;1467,42;0,00;0,00;0,00;0,00;
23/07/2018 10:04:01;0,00;228,33;749,63;0,00;1551,12;0,00;0,00;0,00;0,00;
23/07/2018 10:06:01;43,72;63,62;992,21;0,00;1213,16;0,00;0,00;0,00;0,00;
23/07/2018 10:08:01;426,36;686,28;5303,23;3,32;5038,94;0,00;0,00;0,00;0,00;
23/07/2018 10:10:01;82,55;840,96;21239,71;0,04;20418,65;0,00;0,00;0,00;0,00;
23/07/2018 10:12:01;48,92;266,47;1283,01;0,00;1873,01;0,00;0,00;0,00;0,00;
23/07/2018 10:14:01;0,00;284,26;989,64;0,00;1403,44;0,00;0,00;0,00;0,00;
23/07/2018 10:16:01;44,29;88,82;890,17;0,01;1259,87;0,00;0,00;0,00;0,00;
23/07/2018 10:18:01;0,00;99,13;753,53;0,00;653,42;0,00;0,00;0,00;0,00;
23/07/2018 10:20:01;0,00;250,94;957,34;0,00;1209,96;0,00;0,00;0,00;0,00;
23/07/2018 10:22:01;58,09;300,42;2258,41;0,03;2866,88;0,00;0,00;0,00;0,00;
23/07/2018 10:24:01;0,30;283,20;1512,56;0,00;1656,82;0,00;0,00;0,00;0,00;
23/07/2018 10:26:01;43,73;251,39;1530,00;0,00;1822,35;0,00;0,00;0,00;0,00;
23/07/2018 10:28:01;0,37;246,70;1449,69;0,00;1503,09;0,00;0,00;0,00;0,00;
23/07/2018 10:30:01;0,00;158,27;901,07;0,00;883,19;0,00;0,00;0,00;0,00;
23/07/2018 10:32:01;40,52;74,61;928,53;0,00;918,11;0,00;0,00;0,00;0,00;
23/07/2018 10:34:01;0,43;231,23;1255,92;0,00;1313,21;0,00;0,00;0,00;0,00;
23/07/2018 10:36:02;30,06;229,31;1297,53;0,00;1472,41;0,00;0,00;0,00;0,00;
23/07/2018 10:38:01;2,02;321,66;1847,78;0,00;2031,88;0,00;0,00;0,00;0,00;
23/07/2018 10:40:01;0,67;351,77;1579,74;0,00;1612,40;0,00;0,00;0,00;0,00;
23/07/2018 10:42:01;39,29;280,92;1548,57;0,02;1691,45;0,00;0,00;0,00;0,00;
23/07/2018 10:44:01;0,00;121,04;578,15;0,00;424,91;0,00;0,00;0,00;0,00;
23/07/2018 10:46:01;33,06;140,68;1114,47;0,00;1144,78;0,00;0,00;0,00;0,00;
23/07/2018 10:48:01;4,43;251,36;1662,68;0,02;1756,46;0,00;0,00;0,00;0,00;
23/07/2018 10:50:01;0,00;335,92;1697,63;0,00;1732,94;0,00;0,00;0,00;0,00;
23/07/2018 10:52:01;43,72;165,89;1003,20;0,00;1325,12;0,00;0,00;0,00;0,00;
23/07/2018 10:54:01;1,63;112,64;890,79;0,10;924,98;0,00;0,00;0,00;0,00;
23/07/2018 10:56:01;51,19;268,66;1549,67;0,00;1816,67;0,00;0,00;0,00;0,00;
23/07/2018 10:58:01;0,07;214,51;1199,99;0,00;1207,03;0,00;0,00;0,00;0,00;
23/07/2018 11:00:01;858,49;118,05;2852,50;6,36;2383,58;0,00;0,00;0,00;0,00;
23/07/2018 11:02:01;72,48;262,00;2021,16;0,07;2332,43;0,00;0,00;0,00;0,00;
23/07/2018 11:04:01;0,00;116,95;740,49;0,00;652,08;0,00;0,00;0,00;0,00;
23/07/2018 11:06:01;59,72;193,22;1181,70;0,00;1369,74;0,00;0,00;0,00;0,00;
23/07/2018 11:08:01;1,77;192,47;1197,33;0,01;1179,37;0,00;0,00;0,00;0,00;
23/07/2018 11:10:01;18,50;87,24;556,43;0,02;445,84;0,00;0,00;0,00;0,00;
23/07/2018 11:12:01;38,66;159,41;1148,81;0,00;1228,01;0,00;0,00;0,00;0,00;
23/07/2018 11:14:01;0,00;264,63;978,75;0,00;1060,99;0,00;0,00;0,00;0,00;
23/07/2018 11:16:01;33,06;209,97;1448,35;0,00;1724,15;0,00;0,00;0,00;0,00;
23/07/2018 11:18:01;0,37;118,86;857,84;0,01;889,78;0,00;0,00;0,00;0,00;
23/07/2018 11:20:01;1,43;132,73;840,66;0,01;933,31;0,00;0,00;0,00;0,00;
23/07/2018 11:22:01;107,45;226,10;1953,37;0,58;2219,94;0,00;0,00;0,00;0,00;
23/07/2018 11:24:01;0,00;167,12;1067,36;0,00;1269,28;0,00;0,00;0,00;0,00;
23/07/2018 11:26:01;42,66;190,79;1161,83;0,00;1610,02;0,00;0,00;0,00;0,00;
23/07/2018 11:28:01;19,47;188,18;1129,64;0,00;1224,84;0,00;0,00;0,00;0,00;
23/07/2018 11:30:01;0,00;68,82;642,46;0,00;686,72;0,00;0,00;0,00;0,00;
23/07/2018 11:32:01;40,09;221,83;1276,83;0,01;1562,88;0,00;0,00;0,00;0,00;
23/07/2018 11:34:01;0,00;191,57;1181,27;0,00;1426,02;0,00;0,00;0,00;0,00;
23/07/2018 11:36:01;56,85;361,24;1413,99;0,01;2007,48;0,00;0,00;0,00;0,00;
23/07/2018 11:38:01;0,17;141,33;769,03;0,00;1045,46;0,00;0,00;0,00;0,00;
23/07/2018 11:40:01;1,83;245,97;1252,16;0,01;1546,07;0,00;0,00;0,00;0,00;
23/07/2018 11:42:01;45,89;190,35;1329,16;0,00;1456,13;0,00;0,00;0,00;0,00;
23/07/2018 11:44:01;0,00;347,44;915,27;0,00;1306,47;0,00;0,00;0,00;0,00;
23/07/2018 11:46:01;44,79;210,98;1170,36;0,00;1524,17;0,00;0,00;0,00;0,00;
23/07/2018 11:48:01;0,67;95,38;1486,51;0,00;1545,97;0,00;0,00;0,00;0,00;
23/07/2018 11:50:01;0,07;205,98;912,81;0,00;1264,99;0,00;0,00;0,00;0,00;
23/07/2018 11:52:01;120,64;146,10;1188,57;0,23;1670,02;0,00;0,00;0,00;0,00;
23/07/2018 11:54:02;1794,32;389,97;3372,21;12,49;2505,17;0,00;0,00;0,00;0,00;
23/07/2018 11:56:02;50,59;359,21;1898,86;0,08;3338,83;0,00;0,00;0,00;0,00;
23/07/2018 11:58:01;0,03;309,47;972,94;0,00;1384,60;0,00;0,00;0,00;0,00;
23/07/2018 12:00:01;0,03;212,55;660,69;0,00;1247,74;0,00;0,00;0,00;0,00;
23/07/2018 12:02:01;29,86;118,60;1078,16;0,00;1355,46;0,00;0,00;0,00;0,00;
23/07/2018 12:04:01;1,03;75,25;838,87;0,01;736,18;0,00;0,00;0,00;0,00;
23/07/2018 12:06:01;54,39;54,49;752,76;0,00;805,67;0,00;0,00;0,00;0,00;
23/07/2018 12:08:01;0,00;52,82;723,80;0,00;538,83;0,00;0,00;0,00;0,00;
23/07/2018 12:10:01;0,00;47,83;648,60;0,00;446,06;0,00;0,00;0,00;0,00;
23/07/2018 12:12:01;51,19;98,78;1035,06;0,00;927,66;0,00;0,00;0,00;0,00;
23/07/2018 12:14:01;0,00;103,54;579,25;0,00;407,78;0,00;0,00;0,00;0,00;
23/07/2018 12:16:01;44,79;50,72;753,92;0,00;761,34;0,00;0,00;0,00;0,00;
23/07/2018 12:18:01;0,00;61,45;758,65;0,00;575,16;0,00;0,00;0,00;0,00;
23/07/2018 12:20:01;0,00;42,39;616,02;0,00;509,25;0,00;0,00;0,00;0,00;
23/07/2018 12:22:01;50,76;116,95;1127,54;0,01;1254,64;0,00;0,00;0,00;0,00;
23/07/2018 12:24:01;16,00;69,18;633,52;0,09;774,39;0,00;0,00;0,00;0,00;
23/07/2018 12:26:01;61,86;127,61;1337,67;0,00;1554,57;0,00;0,00;0,00;0,00;
23/07/2018 12:28:01;8,85;353,65;1300,76;0,00;1738,39;0,00;0,00;0,00;0,00;
23/07/2018 12:30:01;0,53;151,84;782,21;0,01;918,92;0,00;0,00;0,00;0,00;
23/07/2018 12:32:01;52,25;62,72;973,27;0,00;956,86;0,00;0,00;0,00;0,00;
23/07/2018 12:34:01;914,05;236,83;638,60;0,03;646,24;0,00;0,00;0,00;0,00;
23/07/2018 12:36:01;39,46;386,50;1284,32;0,00;1943,64;0,00;0,00;0,00;0,00;
23/07/2018 12:38:01;0,77;182,49;679,05;0,01;922,03;0,00;0,00;0,00;0,00;
23/07/2018 12:40:01;0,00;143,23;826,54;0,00;940,38;0,00;0,00;0,00;0,00;
23/07/2018 12:42:01;16,26;258,86;1953,79;0,00;1938,10;0,00;0,00;0,00;0,00;
23/07/2018 12:44:01;0,00;183,14;742,02;0,00;621,35;0,00;0,00;0,00;0,00;
23/07/2018 12:46:01;39,99;256,77;1238,00;0,00;1482,09;0,00;0,00;0,00;0,00;
23/07/2018 12:48:01;0,00;154,58;833,21;0,00;1099,60;0,00;0,00;0,00;0,00;
23/07/2018 12:50:01;0,00;144,00;841,67;0,00;963,68;0,00;0,00;0,00;0,00;
23/07/2018 12:52:01;57,59;159,27;1228,42;0,00;1278,25;0,00;0,00;0,00;0,00;
23/07/2018 12:54:01;0,03;212,51;770,52;0,00;1301,57;0,00;0,00;0,00;0,00;
23/07/2018 12:56:01;51,19;147,76;962,63;0,00;1473,92;0,00;0,00;0,00;0,00;
23/07/2018 12:58:01;0,00;99,52;876,92;0,00;829,50;0,00;0,00;0,00;0,00;
23/07/2018 13:00:01;0,00;110,77;734,28;0,00;653,96;0,00;0,00;0,00;0,00;
23/07/2018 13:02:01;33,53;72,19;1021,72;0,04;1042,80;0,00;0,00;0,00;0,00;
23/07/2018 13:04:01;0,93;51,62;797,09;0,02;728,44;0,00;0,00;0,00;0,00;
23/07/2018 13:06:01;317,65;102,21;1153,86;0,01;1442,21;0,00;0,00;0,00;0,00;
23/07/2018 13:08:02;291,68;403,23;1788,34;0,28;1836,49;0,00;0,00;0,00;0,00;
23/07/2018 13:10:01;0,17;121,41;1037,63;0,00;1136,97;0,00;0,00;0,00;0,00;
23/07/2018 13:12:01;44,79;295,08;1475,15;0,00;1890,43;0,00;0,00;0,00;0,00;
23/07/2018 13:14:01;0,00;216,51;926,10;0,00;962,11;0,00;0,00;0,00;0,00;
23/07/2018 13:16:01;39,46;139,64;1110,16;0,00;1244,73;0,00;0,00;0,00;0,00;
23/07/2018 13:18:01;0,10;114,73;996,18;0,00;923,24;0,00;0,00;0,00;0,00;
23/07/2018 13:20:01;120,95;200,03;2408,27;0,02;1993,68;0,00;0,00;0,00;0,00;
23/07/2018 13:22:01;212,18;609,08;7493,92;0,57;7637,07;0,00;0,00;0,00;0,00;
23/07/2018 13:24:01;0,00;140,99;1144,74;0,00;1408,18;0,00;0,00;0,00;0,00;
23/07/2018 13:26:01;52,26;241,95;1801,95;0,00;2097,53;0,00;0,00;0,00;0,00;
23/07/2018 13:28:01;0,00;149,74;1564,48;0,00;1686,93;0,00;0,00;0,00;0,00;
23/07/2018 13:30:01;0,00;195,02;1011,66;0,00;1472,67;0,00;0,00;0,00;0,00;
23/07/2018 13:32:01;10,50;191,15;934,35;0,01;1592,85;0,00;0,00;0,00;0,00;
23/07/2018 13:34:01;0,00;204,73;773,20;0,00;1042,78;0,00;0,00;0,00;0,00;
23/07/2018 13:36:01;17,06;214,71;730,08;0,00;1182,85;0,00;0,00;0,00;0,00;
23/07/2018 13:38:01;0,00;214,50;871,15;0,00;1106,28;0,00;0,00;0,00;0,00;
23/07/2018 13:40:01;4,97;237,81;3142,02;0,01;3858,78;0,00;0,00;0,00;0,00;
23/07/2018 13:42:01;60,79;237,63;1825,80;0,00;2629,60;0,00;0,00;0,00;0,00;
23/07/2018 13:44:01;0,03;287,36;1141,11;0,00;1695,10;0,00;0,00;0,00;0,00;
23/07/2018 13:46:01;36,32;204,18;1003,72;0,00;1820,96;0,00;0,00;0,00;0,00;
23/07/2018 13:48:01;0,17;181,70;974,80;0,01;1370,20;0,00;0,00;0,00;0,00;
23/07/2018 13:50:01;0,00;92,72;986,47;0,00;1053,02;0,00;0,00;0,00;0,00;
23/07/2018 13:52:01;50,12;108,78;1166,28;0,00;1285,41;0,00;0,00;0,00;0,00;
23/07/2018 13:54:01;0,00;40,96;578,69;0,00;550,17;0,00;0,00;0,00;0,00;
23/07/2018 13:56:01;30,93;46,33;802,57;0,00;846,38;0,00;0,00;0,00;0,00;
23/07/2018 13:58:01;0,00;52,25;809,60;0,00;675,26;0,00;0,00;0,00;0,00;
23/07/2018 14:00:01;0,00;52,69;592,63;0,00;501,47;0,00;0,00;0,00;0,00;
23/07/2018 14:02:01;19,80;67,32;884,00;0,00;785,66;0,00;0,00;0,00;0,00;
23/07/2018 14:04:01;0,00;60,92;646,41;0,00;578,21;0,00;0,00;0,00;0,00;
23/07/2018 14:06:01;65,55;272,33;4010,49;0,02;3294,57;0,00;0,00;0,00;0,00;
23/07/2018 14:08:01;75,91;273,70;2554,07;0,01;5116,88;0,00;0,00;0,00;0,00;
23/07/2018 14:10:01;0,00;215,76;699,78;0,00;951,04;0,00;0,00;0,00;0,00;
23/07/2018 14:12:01;31,33;482,05;4261,61;0,00;4699,31;0,00;0,00;0,00;0,00;
23/07/2018 14:14:01;0,00;103,82;564,06;0,00;505,93;0,00;0,00;0,00;0,00;
23/07/2018 14:16:01;35,19;34,42;772,82;0,00;739,58;0,00;0,00;0,00;0,00;
23/07/2018 14:18:01;0,00;43,16;638,62;0,00;495,01;0,00;0,00;0,00;0,00;
23/07/2018 14:20:01;0,00;122,34;735,77;0,00;1098,82;0,00;0,00;0,00;0,00;
23/07/2018 14:22:01;43,73;260,52;2193,99;0,00;2661,91;0,00;0,00;0,00;0,00;
23/07/2018 14:24:01;28,60;278,69;5582,10;0,00;5301,94;0,00;0,00;0,00;0,00;
23/07/2018 14:26:01;48,03;163,24;1876,90;0,00;2405,57;0,00;0,00;0,00;0,00;
23/07/2018 14:28:01;2,50;249,67;2032,66;0,00;3835,44;0,00;0,00;0,00;0,00;
23/07/2018 14:30:01;0,00;160,79;704,42;0,00;859,06;0,00;0,00;0,00;0,00;
23/07/2018 14:32:02;38,39;203,23;1027,60;0,00;1615,77;0,00;0,00;0,00;0,00;
23/07/2018 14:34:01;0,00;189,57;561,82;0,00;751,66;0,00;0,00;0,00;0,00;
23/07/2018 14:36:01;30,93;180,15;897,18;0,00;1302,53;0,00;0,00;0,00;0,00;
23/07/2018 15:50:01;1,63;8,90;58,39;0,00;71,30;0,00;0,00;0,00;0,00;
23/07/2018 15:52:01;2,50;256,56;1981,85;0,00;2128,65;0,00;0,00;0,00;0,00;
23/07/2018 15:54:01;0,00;168,76;966,18;0,00;1025,09;0,00;0,00;0,00;0,00;
23/07/2018 15:56:01;45,89;147,38;840,12;0,00;924,60;0,00;0,00;0,00;0,00;
23/07/2018 15:58:01;0,27;228,34;1757,21;0,00;1609,11;0,00;0,00;0,00;0,00;
23/07/2018 16:00:01;43,86;181,09;1274,61;0,01;1748,45;0,00;0,00;0,00;0,00;
23/07/2018 16:02:01;33,06;228,88;1137,00;0,28;1432,54;0,00;0,00;0,00;0,00;
23/07/2018 16:04:01;0,00;219,88;698,90;0,00;1056,68;0,00;0,00;0,00;0,00;
23/07/2018 16:06:01;45,86;224,44;985,94;0,00;1759,54;0,00;0,00;0,00;0,00;
23/07/2018 16:08:01;52,42;215,56;1770,70;0,12;1906,57;0,00;0,00;0,00;0,00;
23/07/2018 16:10:01;64,56;288,49;2144,93;0,01;2472,39;0,00;0,00;0,00;0,00;
23/07/2018 16:12:01;0,00;240,15;882,86;0,00;1190,63;0,00;0,00;0,00;0,00;
23/07/2018 16:14:01;0,83;278,06;1269,60;0,01;1824,30;0,00;0,00;0,00;0,00;
23/07/2018 16:16:01;31,99;242,31;951,41;0,00;1677,07;0,00;0,00;0,00;0,00;
23/07/2018 16:18:01;1,00;235,75;955,80;0,02;1429,77;0,00;0,00;0,00;0,00;
23/07/2018 16:20:01;51,18;346,95;1774,75;0,00;2667,20;0,00;0,00;0,00;0,00;
23/07/2018 16:22:01;0,00;228,60;1709,67;0,00;1969,41;0,00;0,00;0,00;0,00;
23/07/2018 16:24:02;0,03;205,66;674,99;0,00;1448,53;0,00;0,00;0,00;0,00;
23/07/2018 16:26:01;42,04;358,50;1705,51;0,00;2383,21;0,00;0,00;0,00;0,00;
23/07/2018 16:28:01;0,00;201,70;1094,71;0,00;1720,55;0,00;0,00;0,00;0,00;
23/07/2018 16:30:01;44,79;86,89;1172,70;0,00;1756,41;0,00;0,00;0,00;0,00;
23/07/2018 16:32:01;0,00;91,01;871,00;0,00;1187,74;0,00;0,00;0,00;0,00;
23/07/2018 16:34:01;0,00;117,85;1448,97;0,00;1557,27;0,00;0,00;0,00;0,00;
23/07/2018 16:36:01;1255,52;108,71;4612,97;6,22;3608,21;0,00;0,00;0,00;0,00;
23/07/2018 16:38:01;46,19;101,32;3117,24;0,09;3204,50;0,00;0,00;0,00;0,00;
23/07/2018 16:40:01;70,18;179,52;2216,06;0,03;2237,82;0,00;0,00;0,00;0,00;
23/07/2018 16:42:01;1,90;112,01;1663,95;0,04;1410,58;0,00;0,00;0,00;0,00;
23/07/2018 16:44:01;1,33;54,15;751,90;0,00;746,84;0,00;0,00;0,00;0,00;
23/07/2018 16:46:01;370,51;226,14;2629,03;0,02;2728,08;0,00;0,00;0,00;0,00;
23/07/2018 16:48:01;1,83;118,96;3818,23;0,19;4168,57;452,11;0,00;255,09;56,42;
23/07/2018 16:50:01;74,69;137,51;3981,11;0,99;3676,52;0,00;0,00;0,00;0,00;
23/07/2018 16:52:01;27,13;84,18;3343,13;0,35;3254,45;0,00;0,00;0,00;0,00;
23/07/2018 16:54:01;1,30;263,36;3126,64;0,02;4507,04;0,00;0,00;0,00;0,00;
23/07/2018 16:56:01;17,04;263,60;938,31;0,01;1026,06;0,00;0,00;0,00;0,00;
23/07/2018 16:58:01;0,00;316,82;1732,22;0,00;1763,13;0,00;0,00;0,00;0,00;
23/07/2018 17:00:02;27,83;333,42;1939,07;0,00;2422,19;0,00;0,00;0,00;0,00;
23/07/2018 17:02:01;0,00;222,33;804,34;0,00;1403,88;0,00;0,00;0,00;0,00;
23/07/2018 17:04:01;0,87;204,92;679,36;0,02;1105,97;0,00;0,00;0,00;0,00;
23/07/2018 17:06:01;38,62;349,61;1800,26;0,01;2436,01;0,00;0,00;0,00;0,00;
23/07/2018 17:08:01;0,00;187,42;1142,00;0,00;1364,43;0,00;0,00;0,00;0,00;
23/07/2018 17:10:01;9,23;146,64;1114,02;0,07;1473,86;0,00;0,00;0,00;0,00;
23/07/2018 17:12:01;0,13;102,31;1435,47;0,01;1404,92;0,00;0,00;0,00;0,00;
23/07/2018 17:14:01;35,99;45,43;709,67;0,56;779,91;0,00;0,00;0,00;0,00;
23/07/2018 17:16:01;35,19;46,52;974,51;0,00;1028,45;0,00;0,00;0,00;0,00;
23/07/2018 17:18:01;0,30;72,78;1068,31;0,04;1287,42;0,00;0,00;0,00;0,00;
23/07/2018 17:20:01;107,03;323,19;2678,59;0,27;2573,74;0,00;0,00;0,00;0,00;
23/07/2018 17:22:01;3,57;246,64;839,45;0,11;1132,26;0,00;0,00;0,00;0,00;
23/07/2018 17:24:01;0,03;195,45;605,67;0,00;1056,63;0,00;0,00;0,00;0,00;
23/07/2018 17:26:01;35,19;226,88;988,64;0,00;1457,24;0,00;0,00;0,00;0,00;
23/07/2018 18:04:01;413,28;15,05;142,50;0,22;428,13;99,63;0,66;81,18;80,94;
23/07/2018 18:06:01;1350,64;332,87;597,73;0,01;943,53;32,23;0,00;32,09;99,56;
23/07/2018 18:08:01;163,18;198,39;747,55;0,06;1330,74;450,38;0,90;449,90;99,70;
23/07/2018 18:10:01;24,69;76,46;402,04;0,00;293,86;0,00;0,00;0,00;0,00;
23/07/2018 18:12:01;577,09;81,01;406,43;0,00;312,87;0,00;0,00;0,00;0,00;
23/07/2018 18:14:01;1165,71;161,16;551,07;0,01;864,22;0,00;0,00;0,00;0,00;
23/07/2018 18:16:01;2289,89;4597,68;487,84;0,01;963,86;122,42;0,00;122,15;99,78;
23/07/2018 18:18:01;60,32;6652,78;741,16;0,22;8033,20;1446,33;0,00;1326,41;91,71;
23/07/2018 18:20:02;13,06;18,43;458,54;0,12;443,17;0,00;0,00;0,00;0,00;
23/07/2018 18:22:01;752,87;58,71;2026,51;3,87;1321,81;0,00;0,00;0,00;0,00;
23/07/2018 18:24:01;732,78;732,58;3817,90;2,68;4615,32;0,00;0,00;0,00;0,00;
23/07/2018 18:26:01;168,61;1197,43;5123,38;0,39;2380,04;0,00;0,00;0,00;0,00;
23/07/2018 18:28:01;85,29;176,67;1748,59;0,17;1599,95;0,00;0,00;0,00;0,00;
23/07/2018 18:30:01;0,30;50,29;556,73;0,01;585,29;0,00;0,00;0,00;0,00;
23/07/2018 18:32:01;0,57;68,62;681,70;0,00;636,34;0,00;0,00;0,00;0,00;
23/07/2018 18:34:01;52,72;55,56;838,62;0,00;933,61;0,00;0,00;0,00;0,00;
23/07/2018 18:36:01;0,57;45,69;552,59;0,02;656,46;0,00;0,00;0,00;0,00;
23/07/2018 18:38:01;167,21;275,39;4117,35;0,07;4073,90;0,00;0,00;0,00;0,00;
23/07/2018 18:40:01;2,13;83,91;957,24;0,08;1043,09;0,00;0,00;0,00;0,00;
23/07/2018 18:42:01;0,37;90,12;855,70;0,02;657,25;0,00;0,00;0,00;0,00;
23/07/2018 18:44:01;34,46;93,92;1100,41;0,00;1217,12;0,00;0,00;0,00;0,00;
23/07/2018 18:46:01;0,33;68,65;655,03;0,01;472,65;0,00;0,00;0,00;0,00;
23/07/2018 18:48:01;41,09;92,92;1020,29;0,01;949,42;0,00;0,00;0,00;0,00;
23/07/2018 18:50:01;2,63;145,44;1146,18;0,03;999,18;0,00;0,00;0,00;0,00;
23/07/2018 18:52:01;3,03;220,93;1671,25;0,06;1642,39;0,00;0,00;0,00;0,00;
23/07/2018 18:54:01;55,82;197,20;2003,00;0,02;2043,04;0,00;0,00;0,00;0,00;
23/07/2018 18:56:01;2,50;218,16;1689,90;0,02;1690,93;0,00;0,00;0,00;0,00;
23/07/2018 18:58:01;116,15;228,13;1819,89;1,32;2035,40;0,00;0,00;0,00;0,00;
23/07/2018 19:00:01;1,10;90,54;1178,62;0,02;1469,57;0,00;0,00;0,00;0,00;
23/07/2018 19:02:01;0,00;123,75;1180,96;0,00;1091,53;0,00;0,00;0,00;0,00;
23/07/2018 19:04:01;47,96;113,51;1350,29;0,01;1411,36;0,00;0,00;0,00;0,00;
23/07/2018 19:06:01;3,37;289,19;3731,75;0,03;3604,41;0,00;0,00;0,00;0,00;
23/07/2018 19:08:01;17,10;175,79;1758,52;0,02;1892,90;0,00;0,00;0,00;0,00;
23/07/2018 19:10:02;0,47;95,02;1229,34;0,01;1515,30;0,00;0,00;0,00;0,00;
23/07/2018 19:12:01;1,65;197,16;2205,07;0,01;2278,28;0,00;0,00;0,00;0,00;
23/07/2018 19:14:01;40,36;213,55;2822,78;0,02;4204,34;0,00;0,00;0,00;0,00;
23/07/2018 19:16:01;4,50;117,44;944,16;0,05;2031,57;0,00;0,00;0,00;0,00;
23/07/2018 19:18:01;7,83;58,15;905,14;0,06;645,47;0,00;0,00;0,00;0,00;
23/07/2018 19:20:01;41,30;53,56;842,18;0,02;811,56;0,00;0,00;0,00;0,00;
23/07/2018 19:22:01;8,77;247,36;3353,90;0,08;2975,90;0,00;0,00;0,00;0,00;
23/07/2018 19:24:01;48,45;88,21;1130,46;0,00;1295,19;0,00;0,00;0,00;0,00;
23/07/2018 19:26:01;16,23;142,95;3591,91;0,03;3130,87;0,00;0,00;0,00;0,00;
23/07/2018 19:28:01;54,96;425,70;5059,06;0,19;4900,52;0,00;0,00;0,00;0,00;
23/07/2018 19:30:01;44,83;131,33;7818,51;0,04;7592,62;82,17;0,00;80,12;97,51;
23/07/2018 19:32:01;50,03;360,94;7226,98;0,05;9180,91;0,00;0,00;0,00;0,00;
23/07/2018 19:52:01;11,57;69,01;805,25;0,09;1062,63;0,00;0,00;0,00;0,00;
23/07/2018 20:34:01;2,01;27,12;128,94;0,01;200,46;0,00;0,00;0,00;0,00;
23/07/2018 20:36:01;58,45;630,24;7385,05;0,10;6378,16;0,00;0,00;0,00;0,00;
23/07/2018 21:22:42;2,01;3,20;58,60;0,00;48,49;0,00;0,00;0,00;0,00;
23/07/2018 21:24:01;7,95;435,28;5183,99;0,09;4730,12;0,00;0,00;0,00;0,00;
23/07/2018 21:26:01;34,16;354,02;5254,58;0,14;4595,18;0,00;0,00;0,00;0,00;
23/07/2018 21:28:01;65,16;150,11;2242,96;0,00;2806,25;0,00;0,00;0,00;0,00;
23/07/2018 21:30:01;0,00;64,58;1308,11;0,00;1192,72;0,00;0,00;0,00;0,00;
23/07/2018 21:32:01;0,00;131,33;1892,04;0,00;1872,86;0,00;0,00;0,00;0,00;
23/07/2018 21:34:01;70,55;315,98;2427,54;0,13;2595,09;0,00;0,00;0,00;0,00;
23/07/2018 21:36:01;0,00;119,27;1081,44;0,00;954,84;0,00;0,00;0,00;0,00;
23/07/2018 21:38:01;49,53;109,62;1465,49;0,00;1505,82;0,00;0,00;0,00;0,00;
23/07/2018 21:40:01;2,20;156,71;1302,57;0,02;1113,70;0,00;0,00;0,00;0,00;
23/07/2018 21:42:01;2,03;208,07;1363,76;0,00;1257,35;0,00;0,00;0,00;0,00;
23/07/2018 21:44:01;43,56;134,47;1026,34;0,00;1144,04;0,00;0,00;0,00;0,00;
23/07/2018 21:46:01;0,13;110,21;928,83;0,01;852,35;0,00;0,00;0,00;0,00;
23/07/2018 21:48:01;33,06;165,71;1645,93;0,00;1772,44;0,00;0,00;0,00;0,00;
23/07/2018 21:50:01;1,83;119,90;3331,50;0,02;3184,86;0,00;0,00;0,00;0,00;
24/07/2018 10:42:01;3219,60;566,74;8190,44;15,13;6735,99;0,00;0,00;0,00;0,00;
24/07/2018 10:44:01;71,92;817,56;7684,85;0,53;8233,33;0,00;0,00;0,00;0,00;
24/07/2018 10:46:01;4,77;359,57;4386,83;0,01;4686,26;0,00;0,00;0,00;0,00;
24/07/2018 10:48:01;20,53;246,03;3815,09;0,02;4032,60;0,00;0,00;0,00;0,00;
24/07/2018 10:50:01;29,93;253,27;4372,47;0,27;4229,76;0,00;0,00;0,00;0,00;
24/07/2018 10:52:01;34,59;239,67;5771,92;0,04;6242,10;0,00;0,00;0,00;0,00;
24/07/2018 10:54:01;29,53;175,34;3586,77;0,01;3626,04;0,00;0,00;0,00;0,00;
24/07/2018 10:56:01;51,95;298,19;2588,14;0,04;2461,39;0,00;0,00;0,00;0,00;
24/07/2018 10:58:01;997,70;654,02;8307,57;6,75;7941,85;0,00;0,00;0,00;0,00;
24/07/2018 11:00:01;2,83;364,44;3295,23;0,03;3852,21;0,00;0,00;0,00;0,00;
24/07/2018 11:02:01;37,02;249,57;2893,60;0,05;2919,00;0,00;0,00;0,00;0,00;
24/07/2018 11:04:01;0,30;160,95;1690,97;0,00;1638,98;0,00;0,00;0,00;0,00;
24/07/2018 11:06:01;239,79;870,92;7158,57;0,07;7604,73;0,00;0,00;0,00;0,00;
24/07/2018 11:08:01;49,86;386,07;4189,94;0,02;4405,46;0,00;0,00;0,00;0,00;
24/07/2018 11:10:01;91,45;255,12;2335,18;0,09;2230,01;0,00;0,00;0,00;0,00;
24/07/2018 11:12:01;48,26;377,24;3743,09;0,02;4317,00;0,00;0,00;0,00;0,00;
24/07/2018 11:14:01;56,42;750,37;11172,64;0,16;9590,31;0,00;0,00;0,00;0,00;
24/07/2018 11:16:01;4,17;469,76;11701,98;0,02;11202,92;0,00;0,00;0,00;0,00;
24/07/2018 11:18:01;22,60;656,58;18736,62;0,00;21260,56;0,00;0,00;0,00;0,00;
24/07/2018 11:20:01;3,50;288,12;10283,02;0,02;10438,96;0,00;0,00;0,00;0,00;
24/07/2018 11:22:01;14,50;542,78;4123,10;0,06;4841,46;0,00;0,00;0,00;0,00;
24/07/2018 11:24:01;8,17;729,35;6425,05;0,03;7222,80;0,00;0,00;0,00;0,00;
24/07/2018 11:26:01;126,18;637,53;8281,04;0,04;9428,16;0,00;0,00;0,00;0,00;
24/07/2018 11:28:01;55,35;214,51;1967,59;0,00;1816,55;0,00;0,00;0,00;0,00;
24/07/2018 11:30:01;43,86;206,93;3605,11;0,32;3467,48;0,00;0,00;0,00;0,00;
24/07/2018 11:32:01;32,03;243,51;2195,83;0,12;2634,02;0,00;0,00;0,00;0,00;
24/07/2018 11:34:01;1,03;199,82;1424,21;0,01;1412,02;0,00;0,00;0,00;0,00;
24/07/2018 11:36:01;7,57;185,64;2365,09;0,07;3180,00;0,00;0,00;0,00;0,00;
24/07/2018 11:38:01;23,06;279,90;3929,88;0,00;5339,39;0,00;0,00;0,00;0,00;
24/07/2018 11:40:01;6,23;398,80;3033,73;0,04;3425,55;0,00;0,00;0,00;0,00;
24/07/2018 11:42:01;30,73;318,99;4514,95;0,01;4901,57;0,00;0,00;0,00;0,00;
24/07/2018 11:44:01;5,87;514,25;5370,60;0,05;5324,00;0,00;0,00;0,00;0,00;
24/07/2018 11:46:01;0,03;216,08;2861,20;0,00;2743,78;0,00;0,00;0,00;0,00;
24/07/2018 11:48:01;63,48;503,34;7600,59;0,00;8494,78;0,00;0,00;0,00;0,00;
24/07/2018 11:50:01;1,63;360,51;3735,34;0,00;3732,35;0,00;0,00;0,00;0,00;
24/07/2018 11:52:01;39,46;130,63;1638,61;0,00;1784,93;0,00;0,00;0,00;0,00;
24/07/2018 11:54:01;0,00;95,88;1120,28;0,00;1116,11;0,00;0,00;0,00;0,00;
24/07/2018 11:56:01;0,00;104,38;1266,78;0,00;1282,51;0,00;0,00;0,00;0,00;
24/07/2018 11:58:01;38,53;128,35;1491,17;0,00;1624,77;0,00;0,00;0,00;0,00;
24/07/2018 12:00:01;0,00;98,22;1407,82;0,00;1479,42;0,00;0,00;0,00;0,00;
24/07/2018 12:02:01;24,53;109,11;1302,12;0,00;1411,08;0,00;0,00;0,00;0,00;
24/07/2018 12:04:01;0,00;67,39;687,18;0,00;503,77;0,00;0,00;0,00;0,00;
24/07/2018 12:06:01;0,00;68,25;652,95;0,00;469,93;0,00;0,00;0,00;0,00;
24/07/2018 12:08:01;36,99;86,22;1088,30;0,10;1056,79;0,00;0,00;0,00;0,00;
24/07/2018 12:10:01;23,89;170,56;3681,10;0,01;3942,78;0,00;0,00;0,00;0,00;
24/07/2018 12:12:01;63,82;298,38;6116,66;0,00;7773,85;0,00;0,00;0,00;0,00;
24/07/2018 12:14:01;1,37;446,20;6291,93;0,00;5616,36;0,00;0,00;0,00;0,00;
24/07/2018 12:16:01;0,00;111,31;4549,03;0,00;5200,03;0,00;0,00;0,00;0,00;
24/07/2018 12:18:01;40,22;70,84;1672,50;0,01;1829,68;0,00;0,00;0,00;0,00;
24/07/2018 12:20:01;0,00;50,32;1360,99;0,00;1410,78;0,00;0,00;0,00;0,00;
24/07/2018 12:22:01;26,66;76,45;1855,59;0,01;2111,58;0,00;0,00;0,00;0,00;
24/07/2018 12:24:01;0,00;42,32;1248,54;0,00;1324,33;0,00;0,00;0,00;0,00;
24/07/2018 12:26:01;0,00;41,73;1259,16;0,00;1292,94;0,00;0,00;0,00;0,00;
24/07/2018 12:28:01;55,46;61,82;1747,43;0,00;2029,85;0,00;0,00;0,00;0,00;
24/07/2018 12:30:02;0,00;34,46;1407,37;0,00;1458,82;0,00;0,00;0,00;0,00;
24/07/2018 12:32:01;44,63;57,40;1541,09;0,00;1765,34;0,00;0,00;0,00;0,00;
24/07/2018 12:34:01;0,00;46,86;1281,22;0,00;1341,83;0,00;0,00;0,00;0,00;
24/07/2018 12:36:01;6,50;59,19;1311,39;0,04;1338,75;0,00;0,00;0,00;0,00;
24/07/2018 12:38:01;49,63;82,55;1588,83;0,02;1695,05;0,00;0,00;0,00;0,00;
24/07/2018 12:40:01;0,00;48,43;1071,15;0,00;1027,34;0,00;0,00;0,00;0,00;
24/07/2018 12:42:01;36,49;64,09;1652,53;0,01;1679,12;0,00;0,00;0,00;0,00;
24/07/2018 12:44:01;16,03;438,80;4048,61;0,03;4615,10;0,00;0,00;0,00;0,00;
24/07/2018 12:46:01;69,03;86,49;846,99;0,47;990,69;0,00;0,00;0,00;0,00;
24/07/2018 12:48:01;7,67;169,51;1060,27;0,00;1439,22;0,00;0,00;0,00;0,00;
24/07/2018 12:50:01;0,00;127,31;666,26;0,00;910,32;0,00;0,00;0,00;0,00;
24/07/2018 12:52:01;13,73;247,86;2705,43;0,01;2875,57;0,00;0,00;0,00;0,00;
24/07/2018 12:54:01;0,00;182,87;630,50;0,00;1044,65;0,00;0,00;0,00;0,00;
24/07/2018 12:56:01;0,00;191,37;624,20;0,00;945,83;0,00;0,00;0,00;0,00;
24/07/2018 12:58:01;54,42;218,23;1092,11;0,01;1415,75;0,00;0,00;0,00;0,00;
24/07/2018 13:00:01;0,00;166,03;650,75;0,00;919,64;0,00;0,00;0,00;0,00;
24/07/2018 13:02:01;20,36;181,30;2200,16;0,02;2715,61;0,00;0,00;0,00;0,00;
24/07/2018 13:04:01;4,37;140,53;890,97;0,03;1338,52;0,00;0,00;0,00;0,00;
24/07/2018 13:06:01;0,00;43,23;539,86;0,00;616,63;0,00;0,00;0,00;0,00;
24/07/2018 13:08:01;1494,61;192,55;1608,02;0,45;1612,70;0,00;0,00;0,00;0,00;
24/07/2018 13:10:01;320,58;134,81;682,60;0,08;843,27;0,00;0,00;0,00;0,00;
24/07/2018 13:12:01;48,66;58,32;47988,17;0,37;3678,50;0,00;0,00;0,00;0,00;
24/07/2018 13:14:01;0,00;151,76;11800,75;0,00;2443,27;0,00;0,00;0,00;0,00;
24/07/2018 13:16:01;0,10;43,86;3124,50;0,00;1367,96;0,00;0,00;0,00;0,00;
24/07/2018 13:18:01;33,26;80,11;30891,92;0,00;3781,68;0,00;0,00;0,00;0,00;
24/07/2018 13:20:01;0,00;40,09;533,68;0,00;590,41;0,00;0,00;0,00;0,00;
24/07/2018 13:22:01;35,19;58,39;1056,23;0,00;1328,33;0,00;0,00;0,00;0,00;
24/07/2018 13:24:01;0,00;38,29;547,40;0,00;670,22;0,00;0,00;0,00;0,00;
24/07/2018 13:26:01;0,00;37,59;553,00;0,00;757,46;0,00;0,00;0,00;0,00;
24/07/2018 13:28:01;100,36;75,33;1318,12;0,38;1500,49;0,00;0,00;0,00;0,00;
24/07/2018 13:30:01;93,12;75,09;770,84;0,31;1030,23;0,00;0,00;0,00;0,00;
24/07/2018 13:32:01;47,43;64,09;1087,84;0,00;1329,29;0,00;0,00;0,00;0,00;
24/07/2018 13:34:01;526,61;426,56;962,46;0,26;1174,85;0,00;0,00;0,00;0,00;
24/07/2018 13:36:01;0,00;80,29;895,97;0,00;1226,04;0,00;0,00;0,00;0,00;
24/07/2018 13:38:01;33,06;72,25;1369,03;0,00;1762,40;0,00;0,00;0,00;0,00;
24/07/2018 13:40:01;0,03;35,06;698,33;0,00;732,49;0,00;0,00;0,00;0,00;
24/07/2018 13:42:01;24,96;77,36;1531,74;0,01;1804,01;0,00;0,00;0,00;0,00;
24/07/2018 13:44:01;0,03;118,48;1262,44;0,00;1327,43;0,00;0,00;0,00;0,00;
24/07/2018 13:46:01;0,00;36,93;1172,70;0,01;1295,03;0,00;0,00;0,00;0,00;
24/07/2018 13:48:01;59,53;198,08;3964,04;0,03;3940,41;0,00;0,00;0,00;0,00;
24/07/2018 13:50:01;0,00;72,45;1392,44;0,00;1544,98;0,00;0,00;0,00;0,00;
24/07/2018 13:52:01;30,99;47,83;1144,02;0,00;1345,98;0,00;0,00;0,00;0,00;
24/07/2018 13:54:01;0,00;81,05;1340,14;0,00;1332,20;0,00;0,00;0,00;0,00;
24/07/2018 13:56:01;0,00;88,68;805,89;0,00;1039,04;0,00;0,00;0,00;0,00;
24/07/2018 13:58:01;29,20;225,23;2895,08;0,01;3066,11;0,00;0,00;0,00;0,00;
24/07/2018 14:00:01;13,53;309,38;9015,57;0,01;8695,11;0,00;0,00;0,00;0,00;
24/07/2018 14:02:01;46,09;250,67;3410,38;0,00;4330,92;0,00;0,00;0,00;0,00;
24/07/2018 14:04:02;0,00;187,22;737,33;0,00;1084,73;0,00;0,00;0,00;0,00;
24/07/2018 14:06:01;0,00;186,05;2767,89;0,00;3682,35;0,00;0,00;0,00;0,00;
24/07/2018 14:08:01;19,20;172,05;911,55;0,00;1548,78;0,00;0,00;0,00;0,00;
24/07/2018 14:10:01;18,76;51,25;821,99;0,10;934,72;0,00;0,00;0,00;0,00;
24/07/2018 14:12:01;17,07;52,23;889,41;0,00;1183,24;0,00;0,00;0,00;0,00;
24/07/2018 14:14:01;0,00;121,42;682,89;0,00;720,62;0,00;0,00;0,00;0,00;
24/07/2018 14:16:01;0,00;37,92;773,67;0,00;905,94;0,00;0,00;0,00;0,00;
24/07/2018 14:18:01;52,25;186,70;1083,06;0,00;1649,95;0,00;0,00;0,00;0,00;
24/07/2018 14:20:01;0,20;120,55;838,33;0,00;1153,12;0,00;0,00;0,00;0,00;
24/07/2018 14:22:01;959,39;160,36;2649,20;5,52;2051,20;0,00;0,00;0,00;0,00;
24/07/2018 14:24:01;13,70;133,81;908,18;0,10;1109,57;0,00;0,00;0,00;0,00;
24/07/2018 14:26:01;38,33;44,33;914,01;0,11;718,98;0,00;0,00;0,00;0,00;
24/07/2018 14:28:01;34,26;75,81;933,30;0,00;1143,06;0,00;0,00;0,00;0,00;
24/07/2018 14:30:01;1,60;84,26;1586,49;0,02;1588,02;0,00;0,00;0,00;0,00;
24/07/2018 14:32:01;17,10;114,48;1329,72;0,00;1424,64;0,00;0,00;0,00;0,00;
24/07/2018 14:34:01;4,87;79,60;1567,61;0,07;1615,35;0,00;0,00;0,00;0,00;
24/07/2018 14:36:01;0,00;141,32;1219,86;0,00;1563,04;0,00;0,00;0,00;0,00;
24/07/2018 14:38:01;32,26;117,61;1358,41;0,01;1393,59;0,00;0,00;0,00;0,00;
24/07/2018 14:40:01;0,00;56,96;740,23;0,00;1094,47;0,00;0,00;0,00;0,00;
24/07/2018 14:42:01;38,40;76,33;1159,45;0,00;1448,78;0,00;0,00;0,00;0,00;
24/07/2018 14:44:01;0,00;145,41;680,51;0,00;965,45;0,00;0,00;0,00;0,00;
24/07/2018 14:46:01;0,10;54,09;959,36;0,00;1144,60;0,00;0,00;0,00;0,00;
24/07/2018 14:48:01;36,26;85,59;999,20;0,01;1417,35;0,00;0,00;0,00;0,00;
24/07/2018 14:50:01;0,00;55,19;712,12;0,00;982,59;0,00;0,00;0,00;0,00;
24/07/2018 14:52:01;24,60;63,79;955,87;0,00;1304,28;0,00;0,00;0,00;0,00;
24/07/2018 14:54:01;0,00;58,16;598,06;0,00;836,11;0,00;0,00;0,00;0,00;
24/07/2018 14:56:01;0,00;52,69;676,00;0,00;952,28;0,00;0,00;0,00;0,00;
24/07/2018 14:58:01;31,99;80,42;1025,79;0,00;1367,42;0,00;0,00;0,00;0,00;
24/07/2018 15:00:01;0,00;89,95;1089,90;0,00;1276,71;0,00;0,00;0,00;0,00;
24/07/2018 15:02:01;7,60;105,95;2078,56;0,01;2051,45;0,00;0,00;0,00;0,00;
24/07/2018 15:04:01;0,00;51,92;858,44;0,00;1169,36;0,00;0,00;0,00;0,00;
24/07/2018 15:06:01;0,00;42,52;1018,84;0,00;1111,11;0,00;0,00;0,00;0,00;
24/07/2018 15:08:01;28,80;121,01;1668,13;0,00;2259,60;0,00;0,00;0,00;0,00;
24/07/2018 15:10:01;0,00;57,49;826,49;0,00;1033,75;0,00;0,00;0,00;0,00;
24/07/2018 15:12:01;26,20;56,22;973,84;0,01;1374,40;0,00;0,00;0,00;0,00;
24/07/2018 15:14:01;0,77;129,26;835,47;0,17;1123,33;0,00;0,00;0,00;0,00;
24/07/2018 15:16:01;0,00;55,46;722,75;0,00;876,13;0,00;0,00;0,00;0,00;
24/07/2018 15:18:01;20,13;87,67;893,17;0,11;1663,05;0,00;0,00;0,00;0,00;
24/07/2018 15:20:01;0,00;78,81;889,20;0,00;833,90;0,00;0,00;0,00;0,00;
24/07/2018 15:22:01;36,33;320,88;1274,35;0,00;2042,73;0,00;0,00;0,00;0,00;
24/07/2018 15:24:01;0,00;106,77;581,93;0,00;920,40;0,00;0,00;0,00;0,00;
24/07/2018 15:26:01;0,00;91,08;766,19;0,00;755,46;0,00;0,00;0,00;0,00;
24/07/2018 15:28:01;7,46;144,50;971,29;0,00;1384,24;0,00;0,00;0,00;0,00;
24/07/2018 15:30:01;0,77;210,83;1077,65;0,01;1606,26;0,00;0,00;0,00;0,00;
24/07/2018 15:32:01;51,29;201,18;1264,51;0,01;1874,30;0,00;0,00;0,00;0,00;
24/07/2018 15:34:01;0,07;154,79;645,73;0,00;1224,74;0,00;0,00;0,00;0,00;
24/07/2018 15:36:01;0,00;130,43;695,67;0,00;929,99;0,00;0,00;0,00;0,00;
24/07/2018 15:38:02;27,73;180,44;1399,77;0,00;2091,10;0,00;0,00;0,00;0,00;
24/07/2018 15:40:01;0,00;80,52;815,94;0,00;1330,14;0,00;0,00;0,00;0,00;
24/07/2018 15:42:01;33,06;71,79;962,25;0,01;1569,94;0,00;0,00;0,00;0,00;
24/07/2018 15:44:01;0,00;82,45;746,78;0,00;1225,51;0,00;0,00;0,00;0,00;
24/07/2018 15:46:01;0,00;190,37;1793,00;0,00;2049,13;0,00;0,00;0,00;0,00;
24/07/2018 15:48:01;17,06;82,12;1370,91;0,00;1693,60;0,00;0,00;0,00;0,00;
24/07/2018 15:50:01;0,00;174,27;1152,55;0,00;1779,09;0,00;0,00;0,00;0,00;
24/07/2018 15:52:01;44,79;232,54;1076,13;0,00;1554,99;0,00;0,00;0,00;0,00;
24/07/2018 15:54:01;2,90;261,37;1409,31;0,00;1990,04;0,00;0,00;0,00;0,00;
24/07/2018 15:56:01;0,20;356,31;1494,16;0,00;2158,34;0,00;0,00;0,00;0,00;
24/07/2018 15:58:01;18,23;252,26;1175,86;0,00;1774,19;0,00;0,00;0,00;0,00;
24/07/2018 16:00:01;0,00;122,07;779,35;0,00;1081,39;0,00;0,00;0,00;0,00;
24/07/2018 16:02:01;36,26;180,59;1111,46;0,00;1401,79;0,00;0,00;0,00;0,00;
24/07/2018 16:04:01;0,00;175,32;619,87;0,00;974,95;0,00;0,00;0,00;0,00;
24/07/2018 16:06:01;0,00;138,93;637,74;0,00;879,41;0,00;0,00;0,00;0,00;
24/07/2018 16:08:01;16,86;171,97;769,96;0,00;1132,76;0,00;0,00;0,00;0,00;
24/07/2018 16:10:01;0,30;197,60;1837,63;0,00;2225,66;0,00;0,00;0,00;0,00;
24/07/2018 16:12:01;17,67;101,12;922,56;0,00;1451,91;0,00;0,00;0,00;0,00;
24/07/2018 16:14:01;3,47;197,47;2671,65;0,04;2496,43;0,00;0,00;0,00;0,00;
24/07/2018 16:16:01;0,00;121,16;967,14;0,00;874,01;0,00;0,00;0,00;0,00;
24/07/2018 16:18:01;42,66;87,18;1313,62;0,00;1372,38;0,00;0,00;0,00;0,00;
24/07/2018 16:20:01;0,00;71,62;902,11;0,00;987,17;0,00;0,00;0,00;0,00;
24/07/2018 16:22:01;37,33;104,42;1272,86;0,00;1455,90;0,00;0,00;0,00;0,00;
24/07/2018 16:24:01;0,00;139,93;955,05;0,00;1747,67;0,00;0,00;0,00;0,00;
24/07/2018 16:26:01;0,00;251,94;653,20;0,00;993,66;0,00;0,00;0,00;0,00;
24/07/2018 16:28:01;11,73;151,03;1124,74;0,00;1509,46;0,00;0,00;0,00;0,00;
24/07/2018 16:30:01;0,00;121,55;994,38;0,00;1432,80;0,00;0,00;0,00;0,00;
24/07/2018 16:32:01;44,79;112,71;1158,67;0,00;1074,79;0,00;0,00;0,00;0,00;
24/07/2018 16:34:01;2,13;314,81;2837,43;0,01;3275,47;0,00;0,00;0,00;0,00;
24/07/2018 16:36:01;4,20;65,83;1284,18;0,01;719,07;0,00;0,00;0,00;0,00;
24/07/2018 16:38:01;42,10;318,94;5914,77;0,01;5951,18;0,00;0,00;0,00;0,00;
24/07/2018 16:40:01;3,50;234,49;4257,96;0,02;4587,20;0,00;0,00;0,00;0,00;
24/07/2018 16:42:01;3,63;241,11;5431,35;0,01;6784,93;0,00;0,00;0,00;0,00;
24/07/2018 16:44:01;58,92;241,39;6800,57;0,00;6341,18;0,00;0,00;0,00;0,00;
24/07/2018 16:46:01;2,00;354,31;2848,85;0,00;4242,58;0,00;0,00;0,00;0,00;
24/07/2018 16:48:01;64,86;553,05;4097,29;0,00;4482,74;0,00;0,00;0,00;0,00;
24/07/2018 16:50:01;0,00;78,68;1076,81;0,00;1048,70;0,00;0,00;0,00;0,00;
24/07/2018 16:52:01;0,00;104,72;1268,91;0,00;1408,23;0,00;0,00;0,00;0,00;
24/07/2018 16:54:01;38,39;94,38;1390,98;0,00;1588,50;0,00;0,00;0,00;0,00;
24/07/2018 16:56:01;0,70;138,97;2761,17;0,00;2436,52;0,00;0,00;0,00;0,00;
24/07/2018 16:58:01;35,16;310,41;3432,52;0,01;3541,87;0,00;0,00;0,00;0,00;
24/07/2018 17:00:01;0,13;494,25;4195,43;0,00;4223,97;0,00;0,00;0,00;0,00;
24/07/2018 17:02:01;0,07;325,35;3413,14;0,00;4049,58;0,00;0,00;0,00;0,00;
24/07/2018 17:04:01;43,72;119,87;1293,74;0,00;1566,81;0,00;0,00;0,00;0,00;
24/07/2018 17:06:01;0,60;117,61;1554,69;0,00;2087,92;0,00;0,00;0,00;0,00;
24/07/2018 17:08:01;38,40;74,43;956,24;0,00;921,50;0,00;0,00;0,00;0,00;
24/07/2018 17:10:01;0,00;46,33;692,76;0,00;571,11;0,00;0,00;0,00;0,00;
24/07/2018 17:12:01;0,00;51,26;796,02;0,00;599,57;0,00;0,00;0,00;0,00;
24/07/2018 17:14:01;43,40;114,02;837,50;0,00;899,53;0,00;0,00;0,00;0,00;
24/07/2018 17:16:01;0,00;120,58;720,13;0,00;562,45;0,00;0,00;0,00;0,00;
24/07/2018 17:18:01;41,57;65,10;736,57;0,00;633,64;0,00;0,00;0,00;0,00;
24/07/2018 17:20:01;0,00;41,40;612,49;0,00;425,15;0,00;0,00;0,00;0,00;
24/07/2018 17:22:01;0,00;62,46;733,15;0,00;555,96;0,00;0,00;0,00;0,00;
24/07/2018 17:24:01;51,20;56,46;855,28;0,00;795,28;0,00;0,00;0,00;0,00;
24/07/2018 17:26:01;0,00;35,39;530,60;0,00;355,75;0,00;0,00;0,00;0,00;
24/07/2018 17:28:01;54,80;122,69;1302,60;0,01;1435,51;0,00;0,00;0,00;0,00;
24/07/2018 17:30:01;0,60;60,59;1031,44;0,01;1006,81;0,00;0,00;0,00;0,00;
24/07/2018 17:32:01;2,77;117,99;2388,03;0,02;2573,82;0,00;0,00;0,00;0,00;
24/07/2018 17:34:01;44,80;89,43;1333,34;0,00;1462,45;0,00;0,00;0,00;0,00;
24/07/2018 17:36:01;0,00;122,78;1713,86;0,00;1661,62;0,00;0,00;0,00;0,00;
24/07/2018 17:38:01;45,19;192,05;5243,38;0,01;4931,21;0,00;0,00;0,00;0,00;
24/07/2018 17:40:01;4,47;141,95;6085,99;0,02;6144,38;0,00;0,00;0,00;0,00;
24/07/2018 17:42:01;5,17;447,00;10790,54;0,03;11535,43;0,00;0,00;0,00;0,00;
24/07/2018 17:44:01;87,32;535,38;8169,43;0,04;9969,57;0,00;0,00;0,00;0,00;
24/07/2018 17:46:01;1,70;217,31;2203,96;0,01;2800,52;0,00;0,00;0,00;0,00;
24/07/2018 17:48:01;56,52;66,96;910,32;0,00;1118,81;0,00;0,00;0,00;0,00;
24/07/2018 17:50:01;0,10;53,22;860,86;0,01;701,07;0,00;0,00;0,00;0,00;
24/07/2018 17:52:01;0,07;55,62;848,87;0,00;967,23;0,00;0,00;0,00;0,00;
24/07/2018 17:54:01;36,29;78,75;871,63;0,00;1117,08;0,00;0,00;0,00;0,00;
24/07/2018 17:56:01;0,37;31,46;576,40;0,01;643,39;0,00;0,00;0,00;0,00;
24/07/2018 17:58:01;27,73;132,94;1830,52;0,00;1921,17;0,00;0,00;0,00;0,00;
24/07/2018 18:00:01;1,07;51,86;1126,26;0,01;1232,46;0,00;0,00;0,00;0,00;
24/07/2018 18:02:01;0,13;63,72;1089,03;0,00;1131,04;0,00;0,00;0,00;0,00;
24/07/2018 18:04:01;202,50;241,09;1138,89;0,01;1335,11;0,00;0,00;0,00;0,00;
24/07/2018 18:06:01;0,00;38,66;858,12;0,00;745,91;0,00;0,00;0,00;0,00;
24/07/2018 18:08:01;378,30;180,80;2933,84;0,00;2912,29;0,00;0,00;0,00;0,00;
24/07/2018 18:10:01;0,00;71,82;1972,92;0,00;2104,95;0,00;0,00;0,00;0,00;
24/07/2018 18:12:01;0,00;73,25;2003,37;0,00;2031,13;0,00;0,00;0,00;0,00;
24/07/2018 18:14:01;51,19;69,86;2107,42;0,00;2260,95;0,00;0,00;0,00;0,00;
24/07/2018 18:16:01;0,00;159,14;935,42;0,00;1462,94;0,00;0,00;0,00;0,00;
24/07/2018 18:18:01;42,93;184,14;4287,77;0,02;3807,58;0,00;0,00;0,00;0,00;
24/07/2018 18:20:01;0,00;42,66;2170,29;0,00;2134,86;0,00;0,00;0,00;0,00;
24/07/2018 18:22:01;1242,38;111,62;7257,00;6,69;6228,10;62,18;0,00;50,59;81,35;
24/07/2018 18:24:01;33,64;187,26;6201,47;0,22;7808,00;793,23;0,00;377,92;47,64;
24/07/2018 18:26:01;0,07;79,59;1145,36;0,01;1320,18;0,00;0,00;0,00;0,00;
24/07/2018 18:28:01;41,06;111,55;1015,05;0,12;1237,97;0,00;0,00;0,00;0,00;
24/07/2018 18:30:01;0,00;47,50;723,65;0,00;826,32;0,00;0,00;0,00;0,00;
24/07/2018 18:32:01;0,00;105,16;1416,60;0,00;1299,58;0,00;0,00;0,00;0,00;
24/07/2018 18:34:01;56,53;81,59;1310,72;0,00;1476,36;0,00;0,00;0,00;0,00;
24/07/2018 18:36:01;0,03;59,10;1350,69;0,01;1631,44;0,00;0,00;0,00;0,00;
24/07/2018 18:38:01;118,68;105,75;7993,93;2,01;6759,64;0,00;0,00;0,00;0,00;
24/07/2018 18:40:01;0,07;58,49;1748,79;0,01;1887,25;0,00;0,00;0,00;0,00;
24/07/2018 18:42:01;53,13;88,73;1875,04;0,05;1860,22;0,00;0,00;0,00;0,00;
24/07/2018 18:44:01;43,73;75,22;1348,16;0,00;1704,22;0,00;0,00;0,00;0,00;
24/07/2018 18:46:02;0,73;181,64;1951,07;0,01;2119,61;0,00;0,00;0,00;0,00;
24/07/2018 18:48:01;43,52;217,34;5932,91;0,04;6010,88;0,00;0,00;0,00;0,00;
24/07/2018 18:50:01;0,60;213,06;3001,02;0,00;3454,52;0,00;0,00;0,00;0,00;
24/07/2018 18:52:01;0,00;128,01;1474,84;0,00;1803,41;0,00;0,00;0,00;0,00;
24/07/2018 18:54:01;30,93;81,69;1284,02;0,00;1637,90;0,00;0,00;0,00;0,00;
24/07/2018 18:56:01;0,47;63,96;872,79;0,01;1012,90;0,00;0,00;0,00;0,00;
24/07/2018 18:58:01;14,33;159,57;2350,97;0,02;2545,09;0,00;0,00;0,00;0,00;
24/07/2018 19:00:01;0,87;104,26;2018,60;0,01;2218,36;0,00;0,00;0,00;0,00;
24/07/2018 19:02:01;35,89;82,05;1341,82;0,53;1477,10;0,00;0,00;0,00;0,00;
24/07/2018 19:04:01;52,59;79,55;1418,26;0,01;1735,45;0,00;0,00;0,00;0,00;
24/07/2018 19:06:01;17,33;117,61;2429,81;0,13;2526,08;0,00;0,00;0,00;0,00;
24/07/2018 19:08:01;50,09;103,17;2666,70;0,85;3305,10;0,00;0,00;0,00;0,00;
24/07/2018 19:10:01;0,20;107,42;1821,41;0,01;1902,62;0,00;0,00;0,00;0,00;
24/07/2018 19:12:01;0,00;47,53;1274,80;0,00;1438,58;0,00;0,00;0,00;0,00;
24/07/2018 19:14:01;31,26;72,65;1452,60;0,01;1840,90;0,00;0,00;0,00;0,00;
24/07/2018 19:16:01;0,00;129,02;1036,77;0,00;1092,60;0,00;0,00;0,00;0,00;
24/07/2018 19:18:01;34,18;165,63;4082,25;0,01;4247,45;0,00;0,00;0,00;0,00;
24/07/2018 19:20:01;0,00;73,76;3546,15;0,00;3691,00;0,00;0,00;0,00;0,00;
24/07/2018 19:22:01;0,00;55,03;2975,18;0,00;3070,06;0,00;0,00;0,00;0,00;
24/07/2018 19:24:01;58,96;126,18;2782,49;0,02;3894,08;343,48;0,77;247,96;72,03;
24/07/2018 19:26:01;0,00;88,52;1253,35;0,00;1389,22;0,00;0,00;0,00;0,00;
24/07/2018 19:28:01;51,39;166,59;1862,61;0,03;2352,40;0,00;0,00;0,00;0,00;
24/07/2018 19:30:01;0,10;57,22;1043,87;0,02;1102,12;0,00;0,00;0,00;0,00;
24/07/2018 19:32:01;0,00;232,18;2601,74;0,00;2725,69;0,00;0,00;0,00;0,00;
24/07/2018 19:34:01;46,19;62,56;1323,59;0,01;1734,94;0,00;0,00;0,00;0,00;
24/07/2018 19:36:01;0,53;147,52;1807,07;0,01;1931,82;0,00;0,00;0,00;0,00;
24/07/2018 19:38:01;43,56;81,62;1572,21;0,02;1905,67;0,00;0,00;0,00;0,00;
24/07/2018 19:40:01;0,00;41,59;816,86;0,00;677,72;0,00;0,00;0,00;0,00;
24/07/2018 19:42:01;0,00;61,46;957,70;0,00;793,75;0,00;0,00;0,00;0,00;
24/07/2018 19:44:01;50,46;123,92;1027,14;0,01;1043,24;0,00;0,00;0,00;0,00;
24/07/2018 19:46:01;0,03;42,69;732,05;0,01;589,43;0,00;0,00;0,00;0,00;
24/07/2018 19:48:01;43,03;63,59;1264,82;0,01;1259,91;0,00;0,00;0,00;0,00;
24/07/2018 19:50:01;0,00;48,56;864,99;0,00;711,79;0,00;0,00;0,00;0,00;
24/07/2018 19:52:01;12,57;225,91;1017,98;0,01;870,73;0,00;0,00;0,00;0,00;
24/07/2018 19:54:01;60,39;62,26;1081,71;0,03;1239,36;0,00;0,00;0,00;0,00;
24/07/2018 19:56:01;0,00;42,93;802,13;0,00;623,79;0,00;0,00;0,00;0,00;
24/07/2018 19:58:01;40,53;68,83;1133,01;0,00;1164,38;0,00;0,00;0,00;0,00;
24/07/2018 20:00:01;0,00;31,46;866,44;0,00;695,03;0,00;0,00;0,00;0,00;
24/07/2018 20:02:01;0,00;52,76;989,60;0,00;798,91;0,00;0,00;0,00;0,00;
24/07/2018 20:04:01;49,53;58,62;1003,00;0,00;974,11;0,00;0,00;0,00;0,00;
24/07/2018 20:06:01;0,00;26,50;809,45;0,00;628,53;0,00;0,00;0,00;0,00;
24/07/2018 20:08:01;42,66;74,03;1261,91;0,00;1303,75;0,00;0,00;0,00;0,00;
24/07/2018 20:10:01;0,00;29,83;833,60;0,00;646,78;0,00;0,00;0,00;0,00;
24/07/2018 20:12:01;0,00;55,09;905,32;0,00;723,41;0,00;0,00;0,00;0,00;
24/07/2018 20:14:01;38,40;146,52;1088,64;0,00;1174,19;0,00;0,00;0,00;0,00;
24/07/2018 20:16:01;0,00;40,59;780,89;0,00;590,41;0,00;0,00;0,00;0,00;
24/07/2018 20:18:01;52,96;76,52;1066,52;0,00;1037,62;0,00;0,00;0,00;0,00;
24/07/2018 20:20:01;0,00;37,73;852,49;0,00;679,50;0,00;0,00;0,00;0,00;
24/07/2018 20:22:01;3,00;48,56;1353,17;0,08;1224,92;0,00;0,00;0,00;0,00;
24/07/2018 20:24:01;34,13;158,87;2157,12;0,00;2442,12;0,00;0,00;0,00;0,00;
24/07/2018 20:26:01;0,81;72,32;1062,01;0,01;1258,95;0,00;0,00;0,00;0,00;
24/07/2018 20:28:01;40,86;97,62;1412,72;0,01;1952,25;0,00;0,00;0,00;0,00;
24/07/2018 20:30:01;0,00;158,04;2115,31;0,00;2536,64;0,00;0,00;0,00;0,00;
24/07/2018 20:32:01;1,60;252,56;4464,81;0,02;4654,97;0,00;0,00;0,00;0,00;
24/07/2018 20:34:01;27,73;91,09;1624,96;0,00;2020,09;0,00;0,00;0,00;0,00;
24/07/2018 20:36:01;0,00;176,60;3134,53;0,00;3202,82;0,00;0,00;0,00;0,00;
24/07/2018 20:38:01;41,60;85,36;1931,08;0,00;2654,54;381,24;7,21;222,87;57,37;
24/07/2018 20:40:01;0,03;52,79;1537,89;0,01;1611,77;0,00;0,00;0,00;0,00;
24/07/2018 20:42:01;0,03;128,76;1587,53;0,00;1780,34;0,00;0,00;0,00;0,00;
24/07/2018 20:44:01;35,16;146,98;1091,29;0,09;1269,68;0,00;0,00;0,00;0,00;
24/07/2018 20:46:01;20,36;49,16;583,15;0,17;781,23;0,00;0,00;0,00;0,00;
24/07/2018 20:48:01;2102,32;2615,82;4478,03;0,56;4880,93;289,92;2,15;285,73;97,83;
24/07/2018 20:50:01;0,07;170,34;728,30;0,00;947,29;0,00;0,00;0,00;0,00;
24/07/2018 20:52:01;0,00;55,02;969,21;0,00;1000,06;0,00;0,00;0,00;0,00;
24/07/2018 20:54:01;29,10;139,98;3524,45;0,02;4143,98;446,18;0,00;429,95;96,36;
24/07/2018 20:56:01;7,06;221,94;2178,13;0,06;2576,51;0,00;0,00;0,00;0,00;
24/07/2018 20:58:01;38,43;103,49;1244,67;0,00;1808,47;0,00;0,00;0,00;0,00;
24/07/2018 21:00:01;0,00;40,03;888,81;0,00;904,40;0,00;0,00;0,00;0,00;
24/07/2018 21:02:01;38,89;65,49;2020,99;0,17;1340,06;0,00;0,00;0,00;0,00;
24/07/2018 21:04:01;42,70;64,09;1077,64;0,01;1039,21;0,00;0,00;0,00;0,00;
24/07/2018 21:06:01;0,00;37,53;841,27;0,00;673,20;0,00;0,00;0,00;0,00;
24/07/2018 21:08:01;42,36;68,99;1283,47;0,01;1251,23;0,00;0,00;0,00;0,00;
24/07/2018 21:10:01;0,00;42,89;952,63;0,00;785,61;0,00;0,00;0,00;0,00;
24/07/2018 21:12:01;0,00;54,20;991,41;0,00;794,73;0,00;0,00;0,00;0,00;
24/07/2018 21:14:01;46,03;130,11;1069,29;0,01;1158,05;0,00;0,00;0,00;0,00;
24/07/2018 21:16:01;0,00;30,26;844,55;0,00;650,79;0,00;0,00;0,00;0,00;
24/07/2018 21:18:01;41,59;66,12;1339,44;0,00;1293,45;0,00;0,00;0,00;0,00;
24/07/2018 21:20:01;0,00;31,43;892,55;0,00;725,17;0,00;0,00;0,00;0,00;
24/07/2018 21:22:01;0,63;118,62;2764,08;0,00;3264,20;759,67;0,00;756,87;99,63;
24/07/2018 21:24:01;35,19;65,29;1055,28;0,00;1262,04;0,00;0,00;0,00;0,00;
24/07/2018 21:26:01;0,00;27,43;870,64;0,00;695,54;0,00;0,00;0,00;0,00;
24/07/2018 21:28:01;44,79;68,29;1191,38;0,00;1142,03;0,00;0,00;0,00;0,00;
24/07/2018 21:30:01;0,00;41,59;955,85;0,00;809,63;0,00;0,00;0,00;0,00;
24/07/2018 21:32:01;2,27;56,00;1166,12;0,12;1111,13;0,00;0,00;0,00;0,00;
24/07/2018 21:34:01;70,49;50,39;1333,28;0,04;1528,35;0,00;0,00;0,00;0,00;
24/07/2018 21:36:01;1,07;229,18;3543,45;0,01;3678,64;0,00;0,00;0,00;0,00;
24/07/2018 21:38:01;24,63;205,83;3300,26;0,01;3620,91;0,00;0,00;0,00;0,00;
24/07/2018 21:40:01;0,80;75,02;1196,98;0,02;1472,00;0,00;0,00;0,00;0,00;
24/07/2018 21:42:01;1,20;67,46;1371,29;0,01;1770,59;0,00;0,00;0,00;0,00;
24/07/2018 21:44:01;54,99;142,84;1353,13;0,02;1996,18;0,00;0,00;0,00;0,00;
24/07/2018 21:46:01;0,20;55,62;1120,47;0,02;1281,58;0,00;0,00;0,00;0,00;
24/07/2018 21:48:01;47,53;71,93;1215,04;0,01;1627,96;0,00;0,00;0,00;0,00;
24/07/2018 21:50:01;0,03;68,76;1099,25;0,00;1274,35;0,00;0,00;0,00;0,00;
24/07/2018 21:52:01;0,00;60,16;1220,91;0,00;1442,58;0,00;0,00;0,00;0,00;
24/07/2018 21:54:01;16,53;68,65;1090,70;0,00;1645,53;0,00;0,00;0,00;0,00;
24/07/2018 21:56:01;0,00;78,06;1444,46;0,01;1870,87;0,00;0,00;0,00;0,00;
24/07/2018 21:58:01;40,52;94,71;1602,20;0,00;1807,24;0,00;0,00;0,00;0,00;
24/07/2018 22:00:01;0,00;51,26;1078,33;0,00;1253,02;0,00;0,00;0,00;0,00;
24/07/2018 22:02:01;0,00;47,23;1139,87;0,00;1350,31;0,00;0,00;0,00;0,00;
24/07/2018 22:04:01;30,93;61,86;985,72;0,00;1255,99;0,00;0,00;0,00;0,00;
24/07/2018 22:06:01;0,00;46,33;894,72;0,00;892,96;0,00;0,00;0,00;0,00;
24/07/2018 22:08:01;20,40;118,45;1778,70;0,01;1986,43;0,00;0,00;0,00;0,00;
24/07/2018 22:10:01;0,00;130,53;2102,78;0,00;2324,95;0,00;0,00;0,00;0,00;
24/07/2018 22:12:01;1,40;171,94;3393,54;0,02;3272,61;0,00;0,00;0,00;0,00;
24/07/2018 22:14:01;32,79;140,58;1736,36;0,02;2255,81;0,00;0,00;0,00;0,00;
24/07/2018 22:16:01;0,13;112,72;672,62;0,00;1003,85;0,00;0,00;0,00;0,00;
24/07/2018 22:18:01;36,56;125,14;2092,19;0,01;2468,72;0,00;0,00;0,00;0,00;
25/07/2018 08:30:01;4602,78;399,98;9007,22;21,56;5265,23;0,00;0,00;0,00;0,00;
25/07/2018 08:32:01;517,76;1781,42;10191,12;0,29;13098,47;0,00;0,00;0,00;0,00;
25/07/2018 08:34:01;5,30;219,55;2295,19;0,01;2458,31;0,00;0,00;0,00;0,00;
25/07/2018 08:36:01;33,79;222,64;3737,13;0,02;3697,65;0,00;0,00;0,00;0,00;
25/07/2018 08:38:01;12,30;234,59;4032,80;0,08;3913,37;0,00;0,00;0,00;0,00;
25/07/2018 08:40:01;33,26;160,85;5947,76;0,18;5767,19;0,00;0,00;0,00;0,00;
25/07/2018 08:42:01;149,20;164,46;4876,39;0,40;5194,38;0,00;0,00;0,00;0,00;
25/07/2018 08:44:01;6,14;84,79;1113,40;0,00;1984,85;0,00;0,00;0,00;0,00;
25/07/2018 08:46:01;40,53;109,02;1888,71;0,00;2181,30;0,00;0,00;0,00;0,00;
25/07/2018 08:48:01;0,00;88,11;1326,67;0,00;1576,62;0,00;0,00;0,00;0,00;
25/07/2018 08:50:01;0,00;64,12;958,60;0,00;1322,90;0,00;0,00;0,00;0,00;
25/07/2018 08:52:01;53,52;88,12;1349,94;0,01;1848,15;0,00;0,00;0,00;0,00;
25/07/2018 08:54:01;104,94;163,66;2285,84;0,12;2239,04;0,00;0,00;0,00;0,00;
25/07/2018 08:56:01;41,59;63,49;1490,57;0,00;1772,51;0,00;0,00;0,00;0,00;
25/07/2018 08:58:01;0,00;59,33;1331,96;0,00;1519,45;0,00;0,00;0,00;0,00;
25/07/2018 09:00:01;0,17;56,65;1100,57;0,00;1235,20;0,00;0,00;0,00;0,00;
25/07/2018 09:02:01;60,49;227,16;3492,15;0,04;3842,22;0,00;0,00;0,00;0,00;
25/07/2018 09:04:01;17,50;219,53;2649,53;0,05;3052,85;0,00;0,00;0,00;0,00;
25/07/2018 09:06:01;52,26;59,06;1450,43;0,00;1694,40;0,00;0,00;0,00;0,00;
25/07/2018 09:08:01;0,00;74,08;1490,29;0,00;1652,08;0,00;0,00;0,00;0,00;
25/07/2018 09:10:01;7,73;74,52;1440,34;0,43;1642,27;0,00;0,00;0,00;0,00;
25/07/2018 09:12:01;37,32;68,62;1594,53;0,00;2048,86;0,00;0,00;0,00;0,00;
25/07/2018 09:14:01;0,00;60,22;1430,46;0,00;1644,18;0,00;0,00;0,00;0,00;
25/07/2018 09:16:01;52,89;158,87;2275,35;0,06;2834,02;0,00;0,00;0,00;0,00;
25/07/2018 09:18:01;12,15;184,97;2465,09;0,03;2608,20;0,00;0,00;0,00;0,00;
25/07/2018 09:20:01;23,73;174,10;2689,41;0,21;3266,16;0,00;0,00;0,00;0,00;
25/07/2018 09:22:01;58,65;78,91;1419,95;0,00;1975,27;0,00;0,00;0,00;0,00;
25/07/2018 09:24:01;0,00;44,26;960,58;0,00;1101,28;0,00;0,00;0,00;0,00;
25/07/2018 09:26:01;36,26;56,12;1197,71;0,00;1516,83;0,00;0,00;0,00;0,00;
25/07/2018 09:28:01;0,00;50,89;1160,16;0,00;1292,98;0,00;0,00;0,00;0,00;
25/07/2018 09:30:01;0,00;53,95;911,53;0,00;1012,81;0,00;0,00;0,00;0,00;
25/07/2018 09:32:01;8,53;78,52;1273,04;0,00;1304,93;0,00;0,00;0,00;0,00;
25/07/2018 09:34:01;0,00;126,31;1088,33;0,00;1553,98;0,00;0,00;0,00;0,00;
25/07/2018 09:36:01;58,65;61,98;1264,04;0,00;1746,09;0,00;0,00;0,00;0,00;
25/07/2018 09:38:01;0,40;74,95;1168,76;0,02;1460,82;0,00;0,00;0,00;0,00;
25/07/2018 09:40:01;0,00;69,79;1005,77;0,00;1283,61;0,00;0,00;0,00;0,00;
25/07/2018 09:42:01;40,53;73,42;1434,39;0,00;1997,85;0,00;0,00;0,00;0,00;
25/07/2018 09:44:01;0,00;61,08;1079,89;0,00;1301,97;0,00;0,00;0,00;0,00;
25/07/2018 09:46:01;36,26;59,82;1268,46;0,00;1838,54;0,00;0,00;0,00;0,00;
25/07/2018 09:48:01;361,70;73,65;1968,88;0,65;1956,42;0,00;0,00;0,00;0,00;
25/07/2018 09:50:01;8,47;44,39;1088,22;0,07;1510,03;0,00;0,00;0,00;0,00;
25/07/2018 09:52:01;35,19;84,21;1316,80;0,00;1819,09;0,00;0,00;0,00;0,00;
25/07/2018 09:54:01;3,77;155,04;1931,94;0,01;2120,10;0,00;0,00;0,00;0,00;
25/07/2018 09:56:01;61,39;155,44;1987,47;0,01;2492,09;0,00;0,00;0,00;0,00;
25/07/2018 09:58:01;0,00;67,72;1125,24;0,00;1366,33;0,00;0,00;0,00;0,00;
25/07/2018 10:00:01;0,90;131,14;1141,28;0,01;1431,17;0,00;0,00;0,00;0,00;
25/07/2018 10:02:01;66,72;146,91;2124,80;0,22;2251,51;0,00;0,00;0,00;0,00;
25/07/2018 10:04:01;0,00;135,38;933,63;0,00;987,28;0,00;0,00;0,00;0,00;
25/07/2018 10:06:01;28,80;48,19;1075,11;0,00;1242,69;0,00;0,00;0,00;0,00;
25/07/2018 10:08:01;0,00;63,62;981,13;0,00;1043,27;0,00;0,00;0,00;0,00;
25/07/2018 10:10:01;852,43;343,40;5217,90;6,36;4529,44;0,00;0,00;0,00;0,00;
25/07/2018 10:12:01;49,15;191,42;4498,68;0,00;4674,67;0,00;0,00;0,00;0,00;
25/07/2018 10:14:01;0,00;122,51;3416,61;0,00;3925,63;0,00;0,00;0,00;0,00;
25/07/2018 10:16:01;64,02;241,84;4185,08;0,01;5071,30;0,00;0,00;0,00;0,00;
25/07/2018 10:18:01;4,40;144,07;4205,83;0,03;4472,39;0,00;0,00;0,00;0,00;
25/07/2018 10:20:01;1,23;183,94;3331,77;0,00;3646,01;0,00;0,00;0,00;0,00;
25/07/2018 10:22:01;7,46;168,39;2875,21;0,00;3636,00;0,00;0,00;0,00;0,00;
25/07/2018 10:24:01;0,33;173,96;3287,39;0,00;3848,05;0,00;0,00;0,00;0,00;
25/07/2018 10:26:01;40,53;155,64;2787,03;0,00;3301,72;0,00;0,00;0,00;0,00;
25/07/2018 10:28:01;0,47;177,46;3942,71;0,00;4478,73;0,00;0,00;0,00;0,00;
25/07/2018 10:30:01;0,00;130,27;2845,36;0,00;3069,64;0,00;0,00;0,00;0,00;
25/07/2018 10:32:01;44,93;191,30;4396,08;0,00;4612,25;0,00;0,00;0,00;0,00;
25/07/2018 10:34:01;0,00;193,20;2955,27;0,01;3640,06;0,00;0,00;0,00;0,00;
25/07/2018 10:36:01;33,33;175,90;3955,55;0,00;4444,13;0,00;0,00;0,00;0,00;
25/07/2018 10:38:01;0,00;135,53;2790,59;0,00;3154,69;0,00;0,00;0,00;0,00;
25/07/2018 10:40:02;0,00;194,58;3714,66;0,00;4509,87;0,00;0,00;0,00;0,00;
25/07/2018 10:42:01;35,59;154,93;3025,63;0,00;3545,99;0,00;0,00;0,00;0,00;
25/07/2018 10:44:01;0,33;170,69;3413,36;0,00;3851,23;0,00;0,00;0,00;0,00;
25/07/2018 10:46:01;40,56;99,94;3200,12;0,00;4179,31;0,00;0,00;0,00;0,00;
25/07/2018 10:48:01;12,36;329,48;11407,55;0,05;11061,06;0,00;0,00;0,00;0,00;
25/07/2018 10:50:01;0,00;169,24;28387,02;0,00;29109,82;0,00;0,00;0,00;0,00;
25/07/2018 10:52:01;46,96;245,26;12456,54;0,00;14581,89;0,00;0,00;0,00;0,00;
25/07/2018 10:54:01;0,00;77,51;1282,68;0,00;1706,27;0,00;0,00;0,00;0,00;
25/07/2018 10:56:01;29,86;54,49;1348,99;0,00;1884,29;0,00;0,00;0,00;0,00;
25/07/2018 10:58:01;7,86;129,07;2034,67;0,07;2756,29;0,00;0,00;0,00;0,00;
25/07/2018 11:00:01;0,00;81,72;964,39;0,00;1550,89;0,00;0,00;0,00;0,00;
25/07/2018 11:02:01;7,47;82,55;1161,37;0,00;1570,72;0,00;0,00;0,00;0,00;
25/07/2018 11:04:01;0,00;122,75;913,69;0,00;1376,05;0,00;0,00;0,00;0,00;
25/07/2018 11:06:01;54,39;58,09;1056,04;0,00;1636,29;0,00;0,00;0,00;0,00;
25/07/2018 11:08:01;1,17;74,38;1322,85;0,01;1690,86;0,00;0,00;0,00;0,00;
25/07/2018 11:10:01;0,43;58,92;697,67;0,01;547,76;0,00;0,00;0,00;0,00;
25/07/2018 11:12:01;45,89;68,09;1153,98;0,00;1212,92;0,00;0,00;0,00;0,00;
25/07/2018 11:14:01;0,00;65,08;1015,79;0,00;1269,86;0,00;0,00;0,00;0,00;
25/07/2018 11:16:01;36,36;209,05;2879,13;0,04;2981,20;0,00;0,00;0,00;0,00;
25/07/2018 11:18:01;1,20;81,94;1573,23;0,01;1898,27;0,00;0,00;0,00;0,00;
25/07/2018 11:20:01;0,00;66,76;1669,89;0,00;1807,41;0,00;0,00;0,00;0,00;
25/07/2018 11:22:01;53,32;90,35;1944,98;0,00;2248,73;0,00;0,00;0,00;0,00;
25/07/2018 11:24:01;0,00;50,32;1463,08;0,00;1824,59;0,00;0,00;0,00;0,00;
25/07/2018 11:26:01;34,13;75,69;1940,21;0,00;2412,02;0,00;0,00;0,00;0,00;
25/07/2018 11:28:01;0,30;154,44;1943,26;0,00;2524,07;0,00;0,00;0,00;0,00;
25/07/2018 11:30:01;0,00;94,81;1215,47;0,00;1360,49;0,00;0,00;0,00;0,00;
25/07/2018 11:32:01;39,49;245,86;3071,92;0,00;3301,04;0,00;0,00;0,00;0,00;
25/07/2018 11:34:01;0,00;65,46;987,14;0,00;1327,73;0,00;0,00;0,00;0,00;
25/07/2018 11:36:01;34,66;116,98;1683,24;0,01;2132,90;0,00;0,00;0,00;0,00;
25/07/2018 11:38:01;0,00;92,28;1136,61;0,00;1439,34;0,00;0,00;0,00;0,00;
25/07/2018 11:40:01;0,00;66,49;1009,16;0,00;1230,20;0,00;0,00;0,00;0,00;
25/07/2018 11:42:01;11,73;74,75;1082,00;0,00;1680,03;0,00;0,00;0,00;0,00;
25/07/2018 11:44:01;0,00;50,32;1025,90;0,00;1425,05;0,00;0,00;0,00;0,00;
25/07/2018 11:46:01;33,79;63,79;1121,53;0,00;1480,18;0,00;0,00;0,00;0,00;
25/07/2018 11:48:01;0,00;60,82;1012,29;0,00;1226,10;0,00;0,00;0,00;0,00;
25/07/2018 11:50:01;0,00;60,22;868,70;0,00;1289,77;0,00;0,00;0,00;0,00;
25/07/2018 11:52:01;40,53;74,19;1259,47;0,00;1472,59;0,00;0,00;0,00;0,00;
25/07/2018 11:54:01;0,00;57,16;903,82;0,00;1270,32;0,00;0,00;0,00;0,00;
25/07/2018 11:56:01;8,53;62,19;1041,58;0,00;1320,51;0,00;0,00;0,00;0,00;
25/07/2018 11:58:01;0,00;72,35;1237,73;0,00;1314,29;0,00;0,00;0,00;0,00;
25/07/2018 12:00:01;0,00;41,16;823,23;0,00;981,31;0,00;0,00;0,00;0,00;
25/07/2018 12:02:01;40,52;223,04;1923,23;0,00;2333,02;0,00;0,00;0,00;0,00;
25/07/2018 12:04:02;1,70;137,93;1123,61;0,02;1072,64;0,00;0,00;0,00;0,00;
25/07/2018 12:06:01;16,27;96,42;2123,52;0,00;2556,23;0,00;0,00;0,00;0,00;
25/07/2018 12:08:01;0,03;58,26;1503,92;0,00;1742,86;0,00;0,00;0,00;0,00;
25/07/2018 12:10:01;1,90;157,99;1739,99;0,01;2121,19;0,00;0,00;0,00;0,00;
25/07/2018 12:12:01;45,09;172,27;2539,28;0,00;3043,33;0,00;0,00;0,00;0,00;
25/07/2018 12:14:01;1,70;180,90;2246,08;0,02;2246,68;0,00;0,00;0,00;0,00;
25/07/2018 12:16:01;40,52;153,76;2601,40;0,00;3263,26;0,00;0,00;0,00;0,00;
25/07/2018 12:18:01;0,57;114,07;1201,87;0,00;1428,35;0,00;0,00;0,00;0,00;
25/07/2018 12:20:01;0,00;99,28;1760,08;0,00;2012,47;0,00;0,00;0,00;0,00;
25/07/2018 12:22:01;42,66;86,95;1775,67;0,00;2067,56;0,00;0,00;0,00;0,00;
25/07/2018 12:24:01;0,00;55,82;1213,23;0,00;1597,68;0,00;0,00;0,00;0,00;
25/07/2018 12:26:01;23,46;48,62;1668,89;0,00;2078,17;0,00;0,00;0,00;0,00;
25/07/2018 12:28:01;0,00;84,79;1639,71;0,00;1911,42;0,00;0,00;0,00;0,00;
25/07/2018 12:30:01;0,07;111,17;1359,19;0,00;1551,49;0,00;0,00;0,00;0,00;
25/07/2018 12:32:01;33,06;158,57;2013,42;0,00;2421,83;0,00;0,00;0,00;0,00;
25/07/2018 12:34:01;0,00;64,12;1321,68;0,00;1635,43;0,00;0,00;0,00;0,00;
25/07/2018 12:36:01;14,93;61,88;1583,80;0,00;2099,53;0,00;0,00;0,00;0,00;
25/07/2018 12:38:01;0,00;78,15;1577,80;0,00;1841,32;0,00;0,00;0,00;0,00;
25/07/2018 12:40:01;3,83;114,25;1917,78;0,13;2002,74;0,00;0,00;0,00;0,00;
25/07/2018 12:42:01;49,09;192,59;2904,31;0,07;3040,62;0,00;0,00;0,00;0,00;
25/07/2018 12:44:01;0,00;76,25;1099,00;0,00;1164,15;0,00;0,00;0,00;0,00;
25/07/2018 12:46:01;40,09;92,74;1848,14;0,01;2452,99;0,00;0,00;0,00;0,00;
25/07/2018 12:48:01;0,00;109,87;1788,31;0,00;2371,03;0,00;0,00;0,00;0,00;
25/07/2018 12:50:01;0,00;91,34;1744,96;0,00;2249,99;0,00;0,00;0,00;0,00;
25/07/2018 12:52:01;40,56;76,65;1882,02;0,00;2421,98;0,00;0,00;0,00;0,00;
25/07/2018 12:54:01;0,10;66,22;1614,47;0,00;2043,31;0,00;0,00;0,00;0,00;
25/07/2018 12:56:01;32,59;219,75;3675,31;0,00;4276,69;0,00;0,00;0,00;0,00;
25/07/2018 12:58:01;0,00;93,58;2044,02;0,00;2167,95;0,00;0,00;0,00;0,00;
25/07/2018 13:00:01;0,17;73,19;1677,35;0,00;1616,65;0,00;0,00;0,00;0,00;
25/07/2018 13:02:01;41,06;131,38;3509,52;0,01;3515,74;0,00;0,00;0,00;0,00;
25/07/2018 13:04:01;0,00;25,73;4735,89;0,00;4720,08;0,00;0,00;0,00;0,00;
25/07/2018 13:06:01;44,80;53,56;5165,04;0,00;5198,75;0,00;0,00;0,00;0,00;
25/07/2018 13:08:01;1572,40;241,13;5264,85;0,51;5131,90;0,00;0,00;0,00;0,00;
25/07/2018 13:10:01;0,00;24,00;4503,68;0,00;4395,87;0,00;0,00;0,00;0,00;
25/07/2018 13:12:01;19,20;64,72;4831,59;0,00;4890,95;0,00;0,00;0,00;0,00;
25/07/2018 13:14:01;0,00;27,26;5079,12;0,00;5009,06;0,00;0,00;0,00;0,00;
25/07/2018 13:16:01;47,99;25,46;5046,20;0,00;4981,24;0,00;0,00;0,00;0,00;
25/07/2018 13:18:01;0,00;33,42;5182,89;0,00;5058,51;0,00;0,00;0,00;0,00;
25/07/2018 13:20:01;0,00;14,63;4923,11;0,00;4806,92;0,00;0,00;0,00;0,00;
25/07/2018 13:22:01;39,46;53,42;5090,58;0,00;5162,31;0,00;0,00;0,00;0,00;
25/07/2018 13:24:01;17,00;31,53;3498,83;0,16;3502,37;0,00;0,00;0,00;0,00;
25/07/2018 13:26:01;64,96;78,02;4377,05;0,20;5006,24;0,00;0,00;0,00;0,00;
25/07/2018 13:28:01;2,13;87,39;743,04;0,02;810,02;0,00;0,00;0,00;0,00;
25/07/2018 13:30:02;77,22;802,17;9334,56;0,10;9139,50;0,00;0,00;0,00;0,00;
25/07/2018 13:32:01;42,75;338,29;1944,21;0,03;2237,23;0,00;0,00;0,00;0,00;
25/07/2018 13:34:01;1,53;336,98;1733,07;0,01;1823,05;0,00;0,00;0,00;0,00;
25/07/2018 13:36:01;38,69;234,06;1362,79;0,00;1496,43;0,00;0,00;0,00;0,00;
25/07/2018 13:38:01;18,13;314,79;2024,36;0,02;2106,60;0,00;0,00;0,00;0,00;
25/07/2018 13:40:01;15,23;234,51;900,33;0,07;1456,56;0,00;0,00;0,00;0,00;
25/07/2018 13:42:01;43,39;264,22;2701,96;0,00;3232,54;0,00;0,00;0,00;0,00;
25/07/2018 13:44:01;1,03;179,14;905,92;0,00;1703,13;0,00;0,00;0,00;0,00;
25/07/2018 13:46:01;55,49;323,51;3576,16;0,02;3758,06;0,00;0,00;0,00;0,00;
25/07/2018 13:48:01;5,17;410,43;2771,80;0,02;3238,03;0,00;0,00;0,00;0,00;
25/07/2018 13:50:01;0,13;220,76;975,45;0,00;1458,28;0,00;0,00;0,00;0,00;
25/07/2018 13:52:01;107,51;201,72;1071,71;0,00;1878,24;0,00;0,00;0,00;0,00;
25/07/2018 13:54:01;0,60;177,09;790,41;0,01;988,50;0,00;0,00;0,00;0,00;
25/07/2018 13:56:01;29,86;55,62;704,26;0,00;1438,98;0,00;0,00;0,00;0,00;
25/07/2018 13:58:01;0,03;81,95;808,58;0,00;976,06;0,00;0,00;0,00;0,00;
25/07/2018 14:00:01;0,00;69,28;594,18;0,00;935,62;0,00;0,00;0,00;0,00;
25/07/2018 14:02:01;36,36;229,45;2093,45;0,00;3000,72;0,00;0,00;0,00;0,00;
25/07/2018 14:04:01;0,00;133,19;882,14;0,00;981,78;0,00;0,00;0,00;0,00;
25/07/2018 14:06:01;41,59;83,75;911,76;0,00;1399,78;0,00;0,00;0,00;0,00;
25/07/2018 14:08:01;0,40;119,59;1846,89;0,00;2326,73;0,00;0,00;0,00;0,00;
25/07/2018 14:10:01;0,00;69,39;1487,24;0,00;2056,97;0,00;0,00;0,00;0,00;
